"hname","code_nsi","V_MTR_name","mtr_pf_name_lvl_2","mtr_pf_name_lvl_3","tlevel","datuv","datub","leaf"
"MT00000047","721373","Полиэтилентерефталат пылевидный ТУ 2226-009-39989731-2008","ПЭТФ","ПЭТФ Прочие","02","1900-01-01","9999-12-31","X"
"MT00000047","732714","Полиэтилентерефталат вторичный (гранулят) ПЭТФ-В-50 ТУ 2226-003-55588670-2011","ПЭТФ","ПЭТФ Целевые марки","02","1900-01-01","9999-12-31","X"
"MT00000047","380025","Полиэтилентерефталат вторичный (гранулят), ПЭТФ-В-60, ТУ 2226-003-55588670-2007","ПЭТФ","ПЭТФ Целевые марки","02","1900-01-01","9999-12-31","X"
"MT00000081","226827","Полипропилен, марка SIBEX PP H031 BF/3, ТУ 2211-006-93911504-2015","ПП","ПП Гомополимер","02","1900-01-01","9999-12-31","X"
"MT00000081","226867","Полипропилен, марка PP H060 GP/3, ТУ 2211-006-93911504-2015","ПП","ПП Гомополимер","02","1900-01-01","9999-12-31","X"
"MT00000081","211666","Полипропилен, марка Полиом PP H250 GP, ТУ 20.16.51-001-76332549-2016","ПП","ПП Гомополимер","02","1900-01-01","9999-12-31","X"
"MT00000081","739869","Полипропилен, марка PP H030 GP/2 ТУ 2211-001-14596232-2012","ПП","ПП Гомополимер","02","1900-01-01","9999-12-31","X"
"MT00000081","1182932","Полипропилен, марка PP 8348SM ТУ 20.16.51-136-05766801-2015","ПП","ПП Прочие","02","1900-01-01","9999-12-31","X"
"MT00000081","1182933","Полипропилен, марка PP 8400G ТУ 20.16.51-136-05766801-2015","ПП","ПП Прочие","02","1900-01-01","9999-12-31","X"
"MT00000081","1816844","Полипропилен, марка SIBEX PP I702 СО/5 ТС НКНХ-042-2024","ПП","ПП Блоксополимер","02","1900-01-01","9999-12-31","X"
"MT00000107","226953","Полипропилен, марка SIBEX PP H253 FF/3, ТУ 2211-006-93911504-2015","ПП","ПП Гомополимер","02","1900-01-01","9999-12-31","X"
"MT00000107","226936","Полипропилен, марка PP H250 GP/3, ТУ 2211-006-93911504-2015","ПП","ПП Гомополимер","02","1900-01-01","9999-12-31","X"
"MT00000109","343077","***Полипропилен, марка PP H120 GP/3 ТУ 20.16.51-007-81060768-2018, пробная партия","ПП","ПП Гомополимер","02","1900-01-01","9999-12-31","X"
"MT00000110","1006137","***Полипропилен, марка PP H253 FF/3 ТУ 20.16.51-007-81060768-2018","ПП","ПП Гомополимер","02","1900-01-01","9999-12-31","X"
"MT00000110","977455","***Полипропилен, марка PP H263 FF/3 ТУ 2211-001-93911504-2012","ПП","ПП Гомополимер","02","1900-01-01","9999-12-31","X"
"MT00000110","739864","***Полипропилен, марка PP H263 FF/2 ТУ 2211-001-14596232-2012","ПП","ПП Гомополимер","02","1900-01-01","9999-12-31","X"
"MT00000110","226953","Полипропилен, марка SIBEX PP H253 FF/3, ТУ 2211-006-93911504-2015","ПП","ПП Гомополимер","02","1900-01-01","9999-12-31","X"
"MT00000110","1006135","Полипропилен, марка PP H350 FF/3 ТУ 20.16.51-007-81060768-2018","ПП","ПП Гомополимер","02","1900-01-01","9999-12-31","X"
"MT00001050","1005969","Полиэтилен, марка HD 10500 FE ТУ 20.16.10-006-81060768-2018","ПЭ","ПЭВП","02","1900-01-01","9999-12-31","X"
"MT00002015","188386","Полистирол вспенивающийся ""АЛЬФАПОР"" ПСВ, тип LP-SE, марка MIX52, ТС-СХП-11/2020","Полистирол","ПСВ","02","1900-01-01","9999-12-31","X"
"MT00002015","188591","Полистирол вспенивающийся ""АЛЬФАПОР"" ПСВ, тип LP-STD, марка 542, ТС-СХП-12/2020","Полистирол","ПСВ","02","1900-01-01","9999-12-31","X"
"MT00002015","188378","Полистирол вспенивающийся ""АЛЬФАПОР"" ПСВ, тип LP-SE, марка 522, ТС-СХП-11/2020","Полистирол","ПСВ","02","1900-01-01","9999-12-31","X"
"MT00002015","462952","Полистирол вспенивающийся ""АЛЬФАПОР"" ПСВ, тип SE, марка 502, ТУ 2214-019-53505711-2010","Полистирол","ПСВ","02","1900-01-01","9999-12-31","X"
"MT00002015","430607","Полистирол вспенивающийся ""АЛЬФАПОР"" ПСВ, тип SE, марка 501, ТУ 2214-019-53505711-2010","Полистирол","ПСВ","02","1900-01-01","9999-12-31","X"
"MT00002015","430605","Полистирол вспенивающийся ""АЛЬФАПОР"" ПСВ, тип SE, марка 401, ТУ 2214-019-53505711-2010","Полистирол","ПСВ","02","1900-01-01","9999-12-31","X"
"MT0002006","1264438","Полистирол марка 583 ТУ 20.16.20-224-05766801-2020","Полистирол","ПСОН","02","1900-01-01","9999-12-31","X"
"MT0002006","1264458","Полистирол, марка 403M ТУ 20.16.20-224-05766801-2020","Полистирол","ПСОН","02","1900-01-01","9999-12-31","X"
"MT0002006","1264437","Полистирол марка 580 ТУ 20.16.20-224-05766801-2020","Полистирол","ПСОН","02","1900-01-01","9999-12-31","X"
"MT0002006","1182565","Полистирол, марка 404 ТУ 20.16.20-224-05766801-2020","Полистирол","ПСОН","02","1900-01-01","9999-12-31","X"
"MT0002006","1588821","Полистирол некондиционный спецификация № 273642, неупакованный","Полистирол","ПСОН","02","1900-01-01","9999-12-31","X"
"MT0002006","1264447","Полистирол, марка 410M ТУ 20.16.20-224-05766801-2020","Полистирол","ПСОН","02","1900-01-01","9999-12-31","X"
"MT0002006","1264448","Полистирол, марка 409M ТУ 20.16.20-224-05766801-2020","Полистирол","ПСОН","02","1900-01-01","9999-12-31","X"
"MT00085613","148591","Термоэластопласт бутадиенстирольный ДСТ Л 30-01/DST L 30-01, гранулы, МКР 0,5 ТУ 2294-022-00148889-2014","ТЭП","Термоэластопласты","02","1900-01-01","9999-12-31","X"
"MT00085613","754155","Термоэластопласт бутадиен-стирольный СБС Р30-00A/SBS R30-00A, гранулы, б/б ТУ 2294-019-00148889-2013","ТЭП","Термоэластопласты","02","1900-01-01","9999-12-31","X"
"MT00085613","754154","Термоэластопласт бутадиен-стирольный СБС Р30-00A/SBS R30-00A, гранулы, мешок ТУ 2294-019-00148889-2013","ТЭП","Термоэластопласты","02","1900-01-01","9999-12-31","X"
"MT99999992","1231961","Изомеры альфа-олефинов (загрязненные аминами) ТУ 20.14.11-256-05766801-2022","Прочие продукты нефтехимии","Альфа-олефины","02","1900-01-01","9999-12-31","X"
"MT99999992","1207310","Бисфенол А, марка П (Дифенилолпропан) ТУ 20.14.24-248-00203335-2022","Бисфенол А","Бисфенол А","02","1900-01-01","9999-12-31","X"
"MT99999992","1048800","Полипропилен, марка PP G ТУ 2211-105-70353562-2014","ПП","ПП Прочие","02","1900-01-01","9999-12-31","X"
"MT99999992","799982","Кислота терефталевая с пост. включениями г/п ТУ 2477-015-39989731-2013","ТФК","ТФК","02","1900-01-01","9999-12-31","X"
"MT99999992","641092","Эфир монометаллиловый полиэтиленгликоля МЭПЭГ-2400 ТУ 20.14.63-006-25604727-2018","Прочие продукты нефтехимии","Прочие продукты нефтехимии","02","1900-01-01","9999-12-31","X"
"MT99999992","337641","Фракция пропиленовая ТУ 38.10276-87","Пропилен","Пропилен и фракция пропиленовая","02","1900-01-01","9999-12-31","X"
"MT99999992","1236835","Масло желтое ТС 428859","Прочие топливо и топливные добавки","Топливные компоненты прочие","02","1900-01-01","9999-12-31","X"
"MT99999992","1185186","***Неонол АФ 9-25 ТУ 2483-131-05766801-2003","Прочие продукты нефтехимии","Неонолы","02","1900-01-01","9999-12-31","X"
"MT99999992","1148523","Фракция мелкие хлопья ПЭТ 19169-02-ИОС7","ПЭТФ","Хлопья ПЭТ","02","1900-01-01","9999-12-31","X"
"MT99999992","667465","Бутилены очищенные, марка A, ТУ 38.10363-81","Прочие топливо и топливные добавки","Бутилен","02","1900-01-01","9999-12-31","X"
"MT99999992","777801","Раствор водный натриевых солей (поли)акриловой кислоты ТУ 2432-050-52470175-2013","Прочие продукты нефтехимии","ПОС прочие","02","1900-01-01","9999-12-31","X"
"MT99999992","338884","Кислота 2-этилгексановая (кислота жирная синтетическая фракции С8) ТУ 2431-03-53505711-01","Прочие продукты нефтехимии","Кислота 2-этилгексановая","02","1900-01-01","9999-12-31","X"
"MT99999992","1184732","***Фракция фенолосодержащая жидкая ТУ 2425-207-00203335-2011","Прочие продукты нефтехимии","Прочие продукты нефтехимии","02","1900-01-01","9999-12-31","X"
"MT99999992","1184726","Смола фенольная ТУ 2424-214-00203335-2013","Прочие продукты нефтехимии","Прочие продукты нефтехимии","02","1900-01-01","9999-12-31","X"
"MT99999992","1184723","Смесь жидких углеводородов ТЗ от 14.07.2017","Прочие продукты нефтехимии","УВС прочее","02","1900-01-01","9999-12-31","X"
"MT99999992","1396292","Полиэтилентерефталат VIVILEN категорированный, категория 2, ТУ 20.16.40-025-39989731-2023","ПЭТФ","ПЭТФ Прочие","02","1900-01-01","9999-12-31","X"
"MT99999992","447500","Метанол восстановленный, спецификация ЗСНХ-002-2019","Прочие продукты нефтехимии","Метанол","02","1900-01-01","9999-12-31","X"
"MT99999992","1182271","Триэтиленгликоль технический, марка А ТУ 2422-075-05766801-2006","Гликоли","ТЭГ","02","1900-01-01","9999-12-31","X"
"MT99999992","1566176","Пылеподавитель калийных солей, марка Б ТУ 2422-083-05766801-98","Прочие продукты нефтехимии","ПОС прочие","02","1900-01-01","9999-12-31","X"
"MT99999992","1566699","Пироконденсат гидростабилизированный нефтяной, фракция С9, марка Б ТУ 2415-004-05766801-2003","Прочие топливо и топливные добавки","Фракция C9","02","1900-01-01","9999-12-31","X"
"MT99999992","655645","Фракция альфаметилстирольная, сорт высший, ТУ 2415-209-00203335-2011","Прочие продукты нефтехимии","Альфаметилстирол","02","1900-01-01","9999-12-31","X"
"MT99999992","1182491","Неонол АФ 9-12 ТУ 20.41.20-229-05766801-2020","Прочие продукты нефтехимии","Неонолы","02","1900-01-01","9999-12-31","X"
"MT99999992","1236284","Пластификатор ДБТ ТУ 20.59.56-032-53505711-2022","Прочие продукты нефтехимии","Прочие продукты нефтехимии","02","1900-01-01","9999-12-31","X"
"MT00000047","721362","Полиэтилентерефталат высоковязкий гранулят г/п ТУ 2226-008-39989731-2009","ПЭТФ","ПЭТФ Целевые марки","02","1900-01-01","9999-12-31","X"
"MT00000047","154304","Полиэтилентерефталат (гранулят) ""РОСПЭТ-А"" ТУ 2226-002-56475614-2008","ПЭТФ","ПЭТФ Прочие","02","1900-01-01","9999-12-31","X"
"MT00000047","1129606","***Полиэтилентерефталат смешанный (гранулят) п/ф с содержанием вторичного сырья 13,3 %","ПЭТФ","ПЭТФ Целевые марки","02","1900-01-01","9999-12-31","X"
"MT00000047","1193107","Полиэтилентерефталат VIVILEN rPET B, ТУ 20.16.40-021-39989731-2021","ПЭТФ","ПЭТФ Прочие","02","1900-01-01","9999-12-31","X"
"MT00000081","189539","Полипропилен, марка PP H030 GP/1 ТУ 2211-112-70353562-2015","ПП","ПП Гомополимер","02","1900-01-01","9999-12-31","X"
"MT00000081","159859","Полипропилен, марка SIBEX PP H263 FF/1 ТУ 2211-112-70353562-2015","ПП","ПП Гомополимер","02","1900-01-01","9999-12-31","X"
"MT00000081","812647","Полипропилен, марка SIBEX PP H039 TF/2 ТУ 2211-002-14596232-2016","ПП","ПП Гомополимер","02","1900-01-01","9999-12-31","X"
"MT00000081","211767","Полипропилен, марка Полиом PP H085 CF, ТУ 20.16.51-001-76332549-2016","ПП","ПП Гомополимер","02","1900-01-01","9999-12-31","X"
"MT00000081","1182939","***Полипропилен, марка PP 9240N ТУ 20.16.51-136-05766801-2015","ПП","ПП Прочие","02","1900-01-01","9999-12-31","X"
"MT00000081","1380962","Полипропилен, марка SIBEX PP I122 IM/5 ТУ 20.16.51-136-05766801-2015","ПП","ПП Блоксополимер","02","1900-01-01","9999-12-31","X"
"MT00000081","1380970","Полипропилен, марка SIBEX PP T172 IM/5 ТУ 20.16.51-136-05766801-2015","ПП","ПП Блоксополимер","02","1900-01-01","9999-12-31","X"
"MT00000081","1063012","Полипропилен, марка SIBEX PP I442 IM/3 ТУ 20.16.51-007-81060768-2018","ПП","ПП Блоксополимер","02","1900-01-01","9999-12-31","X"
"MT00000107","264998","Полиэтилен, марка PP H270 GP/3, ТУ 2211-006-93911504-2015","ПП","ПП Гомополимер","02","1900-01-01","9999-12-31","X"
"MT00000109","226917","Полипропилен, марка PP H120 GP/3, ТУ 2211-006-93911504-2015","ПП","ПП Гомополимер","02","1900-01-01","9999-12-31","X"
"MT00000110","1243129","Полипропилен, марка PP H263 FF/7 СТ ТОО 50391885-01-2022","ПП","ПП Гомополимер","02","1900-01-01","9999-12-31","X"
"MT00000117","227402","Полипропилен, марка SIBEX PP H081 CF/2 ТУ 2211-002-14596232-2016","ПП","ПП Гомополимер","02","1900-01-01","9999-12-31","X"
"MT00000117","1005972","Полиэтилен, марка HD 03580 SB ТУ 20.16.10-006-81060768-2018","ПЭ","ПЭВП","02","1900-01-01","9999-12-31","X"
"MT00000117","1883994","Полипропилен, марка PP H085 CF/8, ТУ 20.16.51-001-76332549-2016","ПП","ПП Гомополимер","02","1900-01-01","9999-12-31","X"
"MT00001050","217942","Полиэтилен 273-83, сорт высший, ТУ 2243-104-00203335-2005","ПЭ","ПЭВП","02","1900-01-01","9999-12-31","X"
"MT0002006","1182571","Полистирол, марка 535 ТУ 20.16.20-224-05766801-2020","Полистирол","ПСОН","02","1900-01-01","9999-12-31","X"
"MT0002006","1182590","Полистирол загрязненный спецификация № 273641","Полистирол","ПСОН","02","1900-01-01","9999-12-31","X"
"MT0002006","1182573","Полистирол, марка 585V ТУ 20.16.20-224-05766801-2020","Полистирол","ПСОН","02","1900-01-01","9999-12-31","X"
"MT0002006","1182577","Полистирол, марка 825 ТУ 20.16.20-224-05766801-2020","Полистирол","УППС","02","1900-01-01","9999-12-31","X"
"MT0002006","1182572","***Полистирол, марка 585 ТУ 20.16.20-224-05766801-2020","Полистирол","ПСОН","02","1900-01-01","9999-12-31","X"
"MT0002006","1605350","Полистирол, марка 825 ESCR_2 ТС НКНХ-011-2023","Полистирол","УППС","02","1900-01-01","9999-12-31","X"
"MT0002006","1630741","Полистирол 585 (3-х лиц)","Прочие продукты нефтехимии","ПОС прочие","02","1900-01-01","9999-12-31","X"
"MT0002006","1182569","Полистирол, марка 530 ТУ 20.16.20-224-05766801-2020","Полистирол","ПСОН","02","1900-01-01","9999-12-31","X"
"MT0002006","1264450","Полистирол, марка 825ESM ТУ 20.16.20-224-05766801-2020","Полистирол","УППС","02","1900-01-01","9999-12-31","X"
"MT0002006","1182566","Полистирол, марка 407 ТУ 20.16.20-224-05766801-2020","Полистирол","ПСОН","02","1900-01-01","9999-12-31","X"
"MT0002006","1855292","Полистирол TPC GPPS 1160","Прочие продукты нефтехимии","ПОС прочие","02","1900-01-01","9999-12-31","X"
"MT0002006","1182574","Полистирол, марка 95FM ТУ 20.16.20-224-05766801-2020","Полистирол","ПСОН","02","1900-01-01","9999-12-31","X"
"MT0002006","1734123","Полистирол нерассев ПСОН ТР-53505711-20-2023","Полистирол","ПСОН","02","1900-01-01","9999-12-31","X"
"MT0002006","1700820","Полистирол некондиционный спецификация №НКНХ-018-2024","Полистирол","ПСОН","02","1900-01-01","9999-12-31","X"
"MT0002006","1264406","Полистирол, марка 524B ТУ 20.16.20-224-05766801-2020","Полистирол","ПСОН","02","1900-01-01","9999-12-31","X"
"MT0002006","1938441","Полистирол, марка 407R, ТС НКНХ-066-2025","Полистирол","ПСОН","02","1900-01-01","9999-12-31","X"
"MT00085613","1055056","Термоэластопласты бутадиен-стирольные СБС Р 7382/SBS R 7382, гранулы, б/б 0,5 ТУ 20.17.10-028-00148889-2019","ТЭП","Термоэластопласты","02","1900-01-01","9999-12-31","X"
"MT00085613","1183820","Блок-сополимер СБС-330Л ТУ 20.17.10-214-05766801-2020","ТЭП","Термоэластопласты","02","1900-01-01","9999-12-31","X"
"MT99999992","1464678","Абсорбент 50/370 марка А ТУ 20.14.11-244-05766801-2020","Прочие топливо и топливные добавки","Абсорбент","02","1900-01-01","9999-12-31","X"
"MT99999992","1264428","АБС-пластик, марка ABS 1534 ТУ 2214-159-05766801-2011","Пластики","АБС пластик","02","1900-01-01","9999-12-31","X"
"MT99999992","1237523","Пластификатор ДБТ, сорт первый, ТС-СХ-001-2022","Прочие продукты нефтехимии","Прочие продукты нефтехимии","02","1900-01-01","9999-12-31","X"
"MT99999992","1184797","***Топливо дизельное отработанное, марка Г ТЗ от 04.10.2021","Прочие топливо и топливные добавки","Топливо дизельное","02","1900-01-01","9999-12-31","X"
"MT99999992","1182319","Рецикл-стирол, марка Б ТУ 2415-182-05766801-2015","Прочие продукты нефтехимии","Прочие продукты нефтехимии","02","1900-01-01","9999-12-31","X"
"MT99999992","1007707","Пироконденсат гидростабилизированный, нефтяной, сорт высший ТУ 20.59.59-007-68699968-2020","Прочие топливо и топливные добавки","Фракция C9","02","1900-01-01","9999-12-31","X"
"MT99999992","338726","Смола пиролизная тяжелая, марка А, ТУ 2451-051-52470175-2004","Прочие топливо и топливные добавки","ТСП","02","1900-01-01","9999-12-31","X"
"MT99999992","977354","Этилен ГОСТ 25070-2013","Этилен","Этилен","02","1900-01-01","9999-12-31","X"
"MT99999992","596559","Термоэластопласт бутадиен-стирольный СБС Л 7322 (N)/SBS L 7322 (N), гранулы, б/б ТУ 20.17.10-025-00148889-2019","ТЭП","Термоэластопласты","02","1900-01-01","9999-12-31","X"
"MT99999992","596677","Термоэластопласты бутадиен-стирольные СБС Л 7420(N)/SBS L 7420(N),гранулы,б/б ТУ 20.17.10-030-00148889-2019","ТЭП","Термоэластопласты","02","1900-01-01","9999-12-31","X"
"MT99999992","897815","Триэтиленгликоль технический, марка А ТУ 2422-055-52470175-2014","Гликоли","ТЭГ","02","1900-01-01","9999-12-31","X"
"MT99999992","633642","Смола пиролизная тяжелая ТР 07-101-2019","Прочие топливо и топливные добавки","ТСП","02","1900-01-01","9999-12-31","X"
"MT99999992","721373","Полиэтилентерефталат пылевидный ТУ 2226-009-39989731-2008","ПЭТФ","ПЭТФ Прочие","02","1900-01-01","9999-12-31","X"
"MT99999992","1003156","Пироконденсат, ТС-СХП-15/2020","Прочие топливо и топливные добавки","Пироконденсат","02","1900-01-01","9999-12-31","X"
"MT99999992","1182353","АБС-пластик, марка ABS 1035 ТУ 2214-159-05766801-2011","Пластики","АБС пластик","02","1900-01-01","9999-12-31","X"
"MT99999992","219486","Этилцеллозольв технический, сорт высший, ГОСТ 8313-88","Прочие продукты нефтехимии","ПОС прочие","02","1900-01-01","9999-12-31","X"
"MT99999992","1182642","Фракция альфа-олефинов C12-C14 ТУ 2411-180-05766801-2014","Прочие продукты нефтехимии","Альфа-олефины","02","1900-01-01","9999-12-31","X"
"MT99999992","1414598","Полимер после чистки оборудования СБС ППЧО марка А, ТУ 20.17.10-151-05766801-2022","ТЭП","Термоэластопласты","02","1900-01-01","9999-12-31","X"
"MT99999992","1372177","Продукт промежуточный этиленкарбоната ТУ 20.14.52-253-00203335-2023","Прочие продукты нефтехимии","Прочие продукты нефтехимии","02","1900-01-01","9999-12-31","X"
"MT99999992","1396295","Полиэтилентерефталат VIVILEN категорированный, категория 3, ТУ 20.16.40-025-39989731-2023","ПЭТФ","ПЭТФ Прочие","02","1900-01-01","9999-12-31","X"
"MT00000081","1063007","Полипропилен, марка SIBEX PP H263 FF/3 ТУ 20.16.51-007-81060768-2018","ПП","ПП Гомополимер","02","1900-01-01","9999-12-31","X"
"MT00000081","211659","Полипропилен, марка Полиом PP H030 GP, ТУ 20.16.51-001-76332549-2016","ПП","ПП Гомополимер","02","1900-01-01","9999-12-31","X"
"MT00000081","211664","Полипропилен, марка Полиом PP H120 GP, ТУ 20.16.51-001-76332549-2016","ПП","ПП Гомополимер","02","1900-01-01","9999-12-31","X"
"MT00000081","144800","Полипропилен, марка SIBEX PP H452 IM/1 ТУ 2211-112-70353562-2015","ПП","ПП Гомополимер","02","1900-01-01","9999-12-31","X"
"MT00000081","1048801","Полипропилен, марка PPH F ТУ 2211-105-70353562-2014","ПП","ПП Прочие","02","1900-01-01","9999-12-31","X"
"MT00000081","343126","***Полипропилен, марка PP R003 EX/3 ТУ 20.16.51-007-81060768-2018, пробная партия","ПП","ПП Статсополимер (Рандом)","02","1900-01-01","9999-12-31","X"
"MT00000081","1063014","Полипропилен, марка SIBEX PP H036 BF/3, ТУ 20.16.51-007-81060768-2018","ПП","ПП Гомополимер","02","1900-01-01","9999-12-31","X"
"MT00000081","1062974","Полипропилен, марка SIBEX PP R481 IM/3, ТУ 20.16.51-007-81060768-2018","ПП","ПП Статсополимер (Рандом)","02","1900-01-01","9999-12-31","X"
"MT00000081","227421","Полипропилен, марка SIBEX PP H452 IM/2 ТУ 2211-002-14596232-2016","ПП","ПП Гомополимер","02","1900-01-01","9999-12-31","X"
"MT00000081","1182930","***Полипропилен, марка PP 8332M ТУ 20.16.51-136-05766801-2015","ПП","ПП Прочие","02","1900-01-01","9999-12-31","X"
"MT00000081","1380974","Полипропилен, марка SIBEX PP I013 EX/5 ТУ 20.16.51-136-05766801-2015","ПП","ПП Блоксополимер","02","1900-01-01","9999-12-31","X"
"MT00000110","1006174","***Полипропилен, марка PP H263 FF/3 ТУ 20.16.51-007-81060768-2018","ПП","ПП Гомополимер","02","1900-01-01","9999-12-31","X"
"MT00000110","739850","Полипропилен, марка PP H250 GP/2 ТУ 2211-001-14596232-2012","ПП","ПП Гомополимер","02","1900-01-01","9999-12-31","X"
"MT00000110","1829106","Полипропилен, марка PPH 363 FF/7 СТ ТОО 50391885-01-2022","ПП","ПП Гомополимер","02","1900-01-01","9999-12-31","X"
"MT00000117","227405","Полипропилен, марка SIBEX PP H085 CF/2 ТУ 2211-002-14596232-2016","ПП","ПП Гомополимер","02","1900-01-01","9999-12-31","X"
"MT00000117","1807123","Полипропилен, марка SIBEX PP T085 CF/5 ТС НКНХ-038-2024","ПП","ПП Блоксополимер","02","1900-01-01","9999-12-31","X"
"MT00001050","448231","***Полиэтилен, марка HD 10500 FE, пробная партия ТУ 20.16.10-006-81060768-2018","ПЭ","ПЭВП","02","1900-01-01","9999-12-31","X"
"MT00001050","1183967","Полиэтилен 273-285Д ТУ 2243-127-00203335-2000","ПЭ","ПЭВП","02","1900-01-01","9999-12-31","X"
"MT00002015","430603","Полистирол вспенивающийся ""АЛЬФАПОР"" ПСВ, тип SE, марка 201, ТУ 2214-019-53505711-2010","Полистирол","ПСВ","02","1900-01-01","9999-12-31","X"
"MT00002015","188719","Полистирол вспенивающийся ""АЛЬФАПОР"" ПСВ, тип STD, марка 400, ТС-СХП-13/2020","Полистирол","ПСВ","02","1900-01-01","9999-12-31","X"
"MT00002015","949931","Полистирол вспенивающийся ПСВ, тип LP-STD, марка 750, ТС-СХП-08/2019","Полистирол","ПСВ","02","1900-01-01","9999-12-31","X"
"MT00002015","1905151","Полистирол ПСВ, марка MIXT, ТС-СХП-024-2025","Полистирол","ПСВ","02","1900-01-01","9999-12-31","X"
"MT00002015","1905162","Полистирол ПСВ, марка 401Т, ТС-СХП-024-2025","Полистирол","ПСВ","02","1900-01-01","9999-12-31","X"
"MT0002006","1182567","Полистирол, марка 525 ТУ 20.16.20-224-05766801-2020","Полистирол","ПСОН","02","1900-01-01","9999-12-31","X"
"MT0002006","1938443","Полистирол, марка 585R, ТС НКНХ-067-2025","Полистирол","ПСОН","02","1900-01-01","9999-12-31","X"
"MT0002006","1264449","Полистирол, марка 402M ТУ 20.16.20-224-05766801-2020","Полистирол","ПСОН","02","1900-01-01","9999-12-31","X"
"MT0002006","1182591","Полистирол некондиционный спецификация № 273642","Полистирол","ПСОН","02","1900-01-01","9999-12-31","X"
"MT00085613","883802","Термоэластопласт бутадиен-стирольный ДСТ Л 30-01/DST L 30-01, гранулы, МКР ТУ 2294-022-00148889-2014","ТЭП","Термоэластопласты","02","1900-01-01","9999-12-31","X"
"MT00085613","495307","Термоэластопласт бутадиен-стирольный СБС Р30-00A/SBS R30-00A, гранулы, б/б 0,5 ТУ 2294-019-00148889-2013","ТЭП","Термоэластопласты","02","1900-01-01","9999-12-31","X"
"MT00085613","991311","Термоэластопласты бутадиен-стирольные СБС Р 7382/SBS R 7382, гранулы, мешок ТУ 20.17.10-028-00148889-2019","ТЭП","Термоэластопласты","02","1900-01-01","9999-12-31","X"
"MT99999992","1243022","Бисфенол А, марка А (Дифенилолпропан) ТУ 2423-172-00203335-2007","Бисфенол А","Бисфенол А","02","1900-01-01","9999-12-31","X"
"MT99999992","1182355","АБС-пластик, марка ABS 2332 ТУ 2214-159-05766801-2011","Пластики","АБС пластик","02","1900-01-01","9999-12-31","X"
"MT99999992","1182318","Рецикл-стирол, марка А ТУ 2415-182-05766801-2015","Прочие продукты нефтехимии","Прочие продукты нефтехимии","02","1900-01-01","9999-12-31","X"
"MT99999992","1182313","Абсорбент водный ПЭ ТУ 20.14.23-191-05766801-2016","Прочие топливо и топливные добавки","Абсорбент","02","1900-01-01","9999-12-31","X"
"MT99999992","728452","Полиэтилентерефталат (пыль) ТУ 2226-006-55588670-2012","ПЭТФ","ПЭТФ Прочие","02","1900-01-01","9999-12-31","X"
"MT99999992","578602","Дибутилтерефталат ДБТФ","Прочие продукты нефтехимии","Прочие продукты нефтехимии","02","1900-01-01","9999-12-31","X"
"MT99999992","767413","Термоэластопласт бутадиен-стирольный СБС Л30-01AN/SBS L30-01AN, гранулы, б/б ТУ 2294-018-00148889-2013","ТЭП","Термоэластопласты","02","1900-01-01","9999-12-31","X"
"MT99999992","751618","Остаток кубовый ректификации стирола (КОРС) ТУ 2415-038-05762341-2012","Прочие продукты нефтехимии","Остаток кубовый ректификации стирола (КОРС)","02","1900-01-01","9999-12-31","X"
"MT99999992","769633","Абсорбент А-2 тяжелый, марка К ТУ 2411-010-48158319-2000","Прочие топливо и топливные добавки","Абсорбент А-2","02","1900-01-01","9999-12-31","X"
"MT99999992","429178","Фракция бензол-толуольная (бентол) ТУ 2415-020-53505711-2010","Прочие топливо и топливные добавки","Бентол","02","1900-01-01","9999-12-31","X"
"MT99999992","296746","Полиэтилентерефталат расплав, сорт 3, ТУ 2226-010-39989731-08","ПЭТФ","ПЭТФ Прочие","02","1900-01-01","9999-12-31","X"
"MT99999992","721355","Кислота терефталевая техническая обводненная г/п ТУ 2477-07-39989731-2007 изм.1-2","ТФК","ТФК","02","1900-01-01","9999-12-31","X"
"MT99999992","338750","Метанол технический, марка А, ГОСТ 2222-95","Прочие продукты нефтехимии","Метанол","02","1900-01-01","9999-12-31","X"
"MT99999992","1182317","***Абсорбент 50/370, марка Б ТУ 2411-139-05766801-2007","Прочие топливо и топливные добавки","Абсорбент","02","1900-01-01","9999-12-31","X"
"MT99999992","1182517","Фракция альфа-олефинов C16-C18 ТУ 20.14.11-067-05766801-2017","Прочие продукты нефтехимии","Альфа-олефины","02","1900-01-01","9999-12-31","X"
"MT99999992","817930","Добавка строительная ДСТ ЭЦ ТС № ВСК-031-2019","ТЭП","Термоэластопласты","02","1900-01-01","9999-12-31","X"
"MT00000047","721372","Полиэтилентерефталат расплав, сорт 2, ТУ 2226-010-39989731-08","ПЭТФ","ПЭТФ Прочие","02","1900-01-01","9999-12-31","X"
"MT00000047","733294","Полиэтилентерефталат категорированный, гранулят, категория 2, 20.16.40-012-55588670-2019","ПЭТФ","ПЭТФ Прочие","02","1900-01-01","9999-12-31","X"
"MT00000081","189529","Полипропилен, марка PP H270 GP/1 ТУ 2211-112-70353562-2015","ПП","ПП Гомополимер","02","1900-01-01","9999-12-31","X"
"MT00000081","1006121","Полипропилен, марка PP H030 GP/3, ТУ 20.16.51-007-81060768-2018","ПП","ПП Гомополимер","02","1900-01-01","9999-12-31","X"
"MT00000081","159852","Полипропилен, марка SIBEX PP H270 FF/1 ТУ 2211-112-70353562-2015","ПП","ПП Гомополимер","02","1900-01-01","9999-12-31","X"
"MT00000081","144799","Полипропилен, марка SIBEX PP H451 IM/1 ТУ 2211-112-70353562-2015","ПП","ПП Гомополимер","02","1900-01-01","9999-12-31","X"
"MT00000081","1063003","Полипропилен, марка SIBEX PP I452 IM/3, ТУ 20.16.51-007-81060768-2018","ПП","ПП Блоксополимер","02","1900-01-01","9999-12-31","X"
"MT00000081","739867","Полипропилен, марка PP H350 GP/2 ТУ 2211-001-14596232-2012","ПП","ПП Гомополимер","02","1900-01-01","9999-12-31","X"
"MT00000081","1182934","***Полипропилен, марка PP 8400N ТУ 20.16.51-136-05766801-2015","ПП","ПП Прочие","02","1900-01-01","9999-12-31","X"
"MT00000081","1380966","Полипропилен, марка SIBEX PP I602 IM/5 ТУ 20.16.51-136-05766801-2015","ПП","ПП Блоксополимер","02","1900-01-01","9999-12-31","X"
"MT00000081","1380972","Полипропилен, марка PP I013 GP/5 ТУ 20.16.51-136-05766801-2015","ПП","ПП Блоксополимер","02","1900-01-01","9999-12-31","X"
"MT00000081","1303885","***Полипропилен, марка PP 8310G ТТ 981941","ПП","ПП Прочие","02","1900-01-01","9999-12-31","X"
"MT00000081","1062981","Полипропилен, марка SIBEX PP I013 EX/3, ТУ 20.16.51-007-81060768-2018","ПП","ПП Блоксополимер","02","1900-01-01","9999-12-31","X"
"MT00000081","1807123","Полипропилен, марка SIBEX PP T085 CF/5 ТС НКНХ-038-2024","ПП","ПП Блоксополимер","02","1900-01-01","9999-12-31","X"
"MT00000105","176320","Полиэтилен, марка PE LD03210 FE ТУ 20.16.10-111-70353562-2016","ПЭ","ПЭНП","02","1900-01-01","9999-12-31","X"
"MT00000107","159852","Полипропилен, марка SIBEX PP H270 FF/1 ТУ 2211-112-70353562-2015","ПП","ПП Гомополимер","02","1900-01-01","9999-12-31","X"
"MT00000109","1006089","***Полипропилен, марка PP H120 GP/3, ТУ 20.16.51-007-81060768-2018","ПП","ПП Гомополимер","02","1900-01-01","9999-12-31","X"
"MT00000110","1063007","Полипропилен, марка SIBEX PP H263 FF/3 ТУ 20.16.51-007-81060768-2018","ПП","ПП Гомополимер","02","1900-01-01","9999-12-31","X"
"MT00000110","1884011","Полипропилен, марка PP H253 FF/8, ТУ 20.16.51-001-76332549-2016","ПП","ПП Гомополимер","02","1900-01-01","9999-12-31","X"
"MT00002015","949857","Полистирол вспенивающийся ПСВ, тип LP-STD, марка 650, ТС-СХП-08/2019","Полистирол","ПСВ","02","1900-01-01","9999-12-31","X"
"MT00002015","188609","Полистирол вспенивающийся ""АЛЬФАПОР"" ПСВ, тип LP-STD, марка MIX54, ТС-СХП-12/2020","Полистирол","ПСВ","02","1900-01-01","9999-12-31","X"
"MT00002015","430604","Полистирол вспенивающийся ""АЛЬФАПОР"" ПСВ, тип SE, марка 301, ТУ 2214-019-53505711-2010","Полистирол","ПСВ","02","1900-01-01","9999-12-31","X"
"MT0002006","1182586","Полистирол, марка 537 ТУ 20.16.20-224-05766801-2020","Полистирол","ПСОН","02","1900-01-01","9999-12-31","X"
"MT0002006","1182580","Полистирол, марка 945E ТУ 20.16.20-224-05766801-2020","Полистирол","УППС","02","1900-01-01","9999-12-31","X"
"MT0002006","1264405","Полистирол, марка 500W ТУ 20.16.20-224-05766801-2020","Полистирол","ПСОН","02","1900-01-01","9999-12-31","X"
"MT0002006","1264445","Полистирол, марка 430M ТУ 20.16.20-224-05766801-2020","Полистирол","ПСОН","02","1900-01-01","9999-12-31","X"
"MT00085613","751379","Термоэластопласт бутадиен-стирольный СБС Л30-01A/SBS L30-01A, гранулы, мешок ТУ 2294-018-00148889-2013","ТЭП","Термоэластопласты","02","1900-01-01","9999-12-31","X"
"MT00085613","882047","Термоэластопласт бутадиен-стирольный ДСТ Р 30-00/DST R 30-00, гранулы, МКР ТУ 2294-021-00148889-2014","ТЭП","Термоэластопласты","02","1900-01-01","9999-12-31","X"
"MT00085613","1786315","Термоэластопласт бутадиен-стирольный СБС Р 20-00/SBS R 20-00 гранулы, б/б ТТ-ВСК-067-2024","ТЭП","Термоэластопласты","02","1900-01-01","9999-12-31","X"
"MT00085613","1183798","Блок-сополимер СБС-330Р ТУ 20.17.10-214-05766801-2020","ТЭП","Термоэластопласты","02","1900-01-01","9999-12-31","X"
"MT99999992","1197216","***Фракция метановодородная ТР 2.09.913-17","Прочие продукты нефтехимии","УВС прочее","02","1900-01-01","9999-12-31","X"
"MT99999992","716983","Кислота акриловая, марка Э ТУ 2431-044-52470175-2012","Прочие полуфабрикаты","Кислота акриловая, марка Э","02","1900-01-01","9999-12-31","X"
"MT99999992","1207308","Бисфенол А, марка К (Дифенилолпропан) ТУ 20.14.24-248-00203335-2022","Бисфенол А","Бисфенол А","02","1900-01-01","9999-12-31","X"
"MT99999992","1188319","Термоэластопласт СБС марка Б (полимер после чистки оборудования) ТУ 20.17.10-227-05766801-2021","ТЭП","Термоэластопласты","02","1900-01-01","9999-12-31","X"
"MT99999992","1182626","Метоксиполиэтиленгликоль МПЭГ-1000М ТУ 20.41.20-174-05766801-2018","Гликоли","ПЭГ","02","1900-01-01","9999-12-31","X"
"MT99999992","1182581","Полистирол ТП, марка Б ТУ 20.16.20-195-05766801-2016","Полистирол","УППС","02","1900-01-01","9999-12-31","X"
"MT99999992","732716","Полиэтилентерефталат вторичный (гранулят), ПЭТФ-В-70, ТУ 2226-003-55588670-2011","ПЭТФ","ПЭТФ Целевые марки","02","1900-01-01","9999-12-31","X"
"MT99999992","680042","Пироконденсат, марка A, ТУ 2451-096-70353562-2008","Прочие топливо и топливные добавки","Пироконденсат","02","1900-01-01","9999-12-31","X"
"MT99999992","779291","Фракция ароматических углеводородов ТУ 2411-036-48418772-2013","Прочие топливо и топливные добавки","ФАУ","02","1900-01-01","9999-12-31","X"
"MT99999992","716979","Кислота акриловая, марка П ТУ 2431-044-52470175-2012","Акрилаты","Кислота акриловая, марка П","02","1900-01-01","9999-12-31","X"
"MT99999992","653414","***Жидкие продукты пиролиза (фракция C9 - сырье для нефтеполимерных смол), сорт высший, ТУ 2451-001-68699968-2011","Прочие топливо и топливные добавки","Фракция C9","02","1900-01-01","9999-12-31","X"
"MT99999992","1184733","Фенолят натрия ТУ 2425-170-00203335-2007","Прочие продукты нефтехимии","Прочие продукты нефтехимии","02","1900-01-01","9999-12-31","X"
"MT99999992","1184692","Остаток кубовый жидких продуктов пиролиза, марка В ТУ 2451-216-00203335-2013","Прочие продукты нефтехимии","Прочие продукты нефтехимии","02","1900-01-01","9999-12-31","X"
"MT99999992","1182490","Неонол АФ 9-10 ТУ 20.41.20-229-05766801-2020","Прочие продукты нефтехимии","Неонолы","02","1900-01-01","9999-12-31","X"
"MT99999992","402869","***Флотореагент-оксаль Т-92 ТУ 2452-015-48158319-2009","Прочие продукты нефтехимии","Флотореагент-оксаль","02","1900-01-01","9999-12-31","X"
"MT99999992","1182307","Осушитель-сырец, марка Б ТУ 2422-099-05766801-2000","Прочие продукты нефтехимии","Осушитель - сырец, марка Б","02","1900-01-01","9999-12-31","X"
"MT99999992","1598129","Неонол АФ 9-25 ТУ 20.41.20-229-05766801-2020 с изм.1","Прочие продукты нефтехимии","Неонолы","02","1900-01-01","9999-12-31","X"
"MT99999992","764663","***Триизобутилалюминий технический ТИБА ТУ 2436-054-48158319-2011","Прочие продукты нефтехимии","ТИБА","02","1900-01-01","9999-12-31","X"
"MT00000047","407335","Полиэтилентерефталат ПЭТФ, гранулят, ТУ 2226-001-55588670-2007","ПЭТФ","ПЭТФ Целевые марки","02","1900-01-01","9999-12-31","X"
"MT00000047","314850","Полиэтилентерефталат ВВ (гранулят), марка В ТУ 20.16.40-011-55588670-2018","ПЭТФ","ПЭТФ Целевые марки","02","1900-01-01","9999-12-31","X"
"MT00000047","164205","Полиэтилентерефталат (гранулят) категорированный, марка C ТУ 2226-012-39989731-2011","ПЭТФ","ПЭТФ Прочие","02","1900-01-01","9999-12-31","X"
"MT00000047","1347582","***Полиэтилентерефталат HF (гранулят), марка А ТУ 20.16.40-015-55588670-2023","ПЭТФ","ПЭТФ Целевые марки","02","1900-01-01","9999-12-31","X"
"MT00000047","732716","Полиэтилентерефталат вторичный (гранулят), ПЭТФ-В-70, ТУ 2226-003-55588670-2011","ПЭТФ","ПЭТФ Целевые марки","02","1900-01-01","9999-12-31","X"
"MT00000081","226814","Полипропилен, марка PP H030 GP/3, ТУ 2211-006-93911504-2015","ПП","ПП Гомополимер","02","1900-01-01","9999-12-31","X"
"MT00000081","226936","Полипропилен, марка PP H250 GP/3, ТУ 2211-006-93911504-2015","ПП","ПП Гомополимер","02","1900-01-01","9999-12-31","X"
"MT00000081","1124863","Полипропилен, марка SIBEX PP H041 BF/1 ТУ 2211-112-70353562-2015","ПП","ПП Гомополимер","02","1900-01-01","9999-12-31","X"
"MT00000081","1062990","Полипропилен, марка SIBEX PP I122 IM/3, ТУ 20.16.51-007-81060768-2018","ПП","ПП Блоксополимер","02","1900-01-01","9999-12-31","X"
"MT00000081","227401","Полипропилен, марка SIBEX PP H080 CF/2 ТУ 2211-002-14596232-2016","ПП","ПП Гомополимер","02","1900-01-01","9999-12-31","X"
"MT00000081","211763","Полипропилен, марка Полиом PP H031 BF, ТУ 20.16.51-001-76332549-2016","ПП","ПП Гомополимер","02","1900-01-01","9999-12-31","X"
"MT00000081","1182938","***Полипропилен, марка PP 9240M ТУ 20.16.51-136-05766801-2015","ПП","ПП Прочие","02","1900-01-01","9999-12-31","X"
"MT00000081","1182940","***Полипропилен, марка PP 9240P ТУ 20.16.51-136-05766801-2015","ПП","ПП Прочие","02","1900-01-01","9999-12-31","X"
"MT00000081","1380969","Полипропилен, марка SIBEX PP T122 IM/5 ТУ 20.16.51-136-05766801-2015","ПП","ПП Блоксополимер","02","1900-01-01","9999-12-31","X"
"MT00000081","1182926","***Полипропилен, марка PP 7445LM ТУ 20.16.51-136-05766801-2015","ПП","ПП Прочие","02","1900-01-01","9999-12-31","X"
"MT00000081","1006141","***Полипропилен, марка PP I122 IM/3 ТУ 20.16.51-007-81060768-2018","ПП","ПП Блоксополимер","02","1900-01-01","9999-12-31","X"
"MT00000081","1779069","Полипропилен, марка SIBEX PP I702 IM/5 ТС НКНХ-034-2024","ПП","ПП Блоксополимер","02","1900-01-01","9999-12-31","X"
"MT00000105","1353711","Полиэтилен 15303-003, пленочный, сорт высший, ГОСТ 16337-2022","ПЭ","ПЭНП","02","1900-01-01","9999-12-31","X"
"MT00000105","1392438","Полиэтилен 15313-003, высший сорт (ТП) ГОСТ 16337-2022","ПЭ","ПЭНП","02","1900-01-01","9999-12-31","X"
"MT00000110","159859","Полипропилен, марка SIBEX PP H263 FF/1 ТУ 2211-112-70353562-2015","ПП","ПП Гомополимер","02","1900-01-01","9999-12-31","X"
"MT00000110","766599","***Полипропилен, марка PP H263 FF/1 ТУ 2211-103-70353562-2013","ПП","ПП Гомополимер","02","1900-01-01","9999-12-31","X"
"MT00000110","1233005","Полипропилен, марка PP H270 FF/7 СТ ТОО 50391885-01-2022","ПП","ПП Гомополимер","02","1900-01-01","9999-12-31","X"
"MT00001050","1005995","Полиэтилен, марка HD 80520 FE ТУ 20.16.10-006-81060768-2018","ПЭ","ПЭВП","02","1900-01-01","9999-12-31","X"
"MT00002015","947273","Полистирол вспенивающийся ПСВ, тип LP-STD, марка 450, ТС-СХП-08/2019","Полистирол","ПСВ","02","1900-01-01","9999-12-31","X"
"MT0002006","1182578","Полистирол, марка 825ES ТУ 20.16.20-224-05766801-2020","Полистирол","УППС","02","1900-01-01","9999-12-31","X"
"MT0002006","1779067","Полистирол некондиционный, марка Г, ТС НКНХ-035-2024","Полистирол","ПСОН","02","1900-01-01","9999-12-31","X"
"MT0002006","1182563","Полистирол, марка 402 ТУ 20.16.20-224-05766801-2020","Полистирол","ПСОН","02","1900-01-01","9999-12-31","X"
"MT0002006","1182589","Полистирол ТП, марка А ТУ 20.16.20-195-05766801-2016","Полистирол","ПСОН","02","1900-01-01","9999-12-31","X"
"MT00085613","574193","Термоэластопласт бутадиен-стирольный СБС Л30-01A/SBS L30-01A, гранулы, б/б 1,0 ТУ 2294-018-00148889-2013","ТЭП","Термоэластопласты","02","1900-01-01","9999-12-31","X"
"MT00085613","751384","Термоэластопласт бутадиен-стирольный СБС Л30-01A/SBS L30-01A, гранулы, б/б ТУ 2294-018-00148889-2013","ТЭП","Термоэластопласты","02","1900-01-01","9999-12-31","X"
"MT00085613","1052734","Термоэластопласты бутадиен-стирольные СБС Р30-00AП/SBS R30-00AP, пористые гранулы, мешок ТУ 2294-019-00148889-2013","ТЭП","Термоэластопласты","02","1900-01-01","9999-12-31","X"
"MT99999992","1364120","Полиэфир простой ПЭГ-300 ТУ 20.16.40-255-05766801-2022","Гликоли","ПЭГ","02","1900-01-01","9999-12-31","X"
"MT99999992","1184728","Топливо дизельное отработанное, марка А ТУ 0258-199-00203335-2010","Прочие топливо и топливные добавки","Топливо дизельное","02","1900-01-01","9999-12-31","X"
"MT99999992","1182590","Полистирол загрязненный спецификация № 273641","Полистирол","ПСОН","02","1900-01-01","9999-12-31","X"
"MT99999992","1182081","Флотореагент-оксаль марка Т-92 ТУ 20.59.59-029-05766801-2016","Прочие продукты нефтехимии","Флотореагент-оксаль","02","1900-01-01","9999-12-31","X"
"MT99999992","1050830","Вещество поверхностно-активное СинтаНор 7С ТУ 2483-018-71150986-2012","Прочие продукты нефтехимии","Прочие продукты нефтехимии","02","1900-01-01","9999-12-31","X"
"MT99999992","549716","Фракция ароматических углеводородов, марка ФАУ 2, ТУ 2411-036-48418772-2013","Прочие топливо и топливные добавки","ФАУ","02","1900-01-01","9999-12-31","X"
"MT99999992","380025","Полиэтилентерефталат вторичный (гранулят), ПЭТФ-В-60, ТУ 2226-003-55588670-2007","ПЭТФ","ПЭТФ Целевые марки","02","1900-01-01","9999-12-31","X"
"MT99999992","328490","ДОТФ (3-х лиц)","ДОТФ","ДОТФ","02","1900-01-01","9999-12-31","X"
"MT99999992","279456","Смола тяжелая пиролиза ТУ 2451-021-53505711-2011","Прочие топливо и топливные добавки","ТСП","02","1900-01-01","9999-12-31","X"
"MT99999992","1189696","ПЭТФ (ПЭТ) голубой/прозрачный (бутылка)","Прочие продукты нефтехимии","Прочие продукты нефтехимии","02","1900-01-01","9999-12-31","X"
"MT99999992","152376","***Фракция ароматических углеводородов, марка ФАУ 2, ТУ 2411-113-70353562-2015","Прочие топливо и топливные добавки","ЖПП","02","1900-01-01","9999-12-31","X"
"MT99999992","236579","Смола пиролизная тяжелая (технологическая) техрегламент ПМ-01-2008","Прочие топливо и топливные добавки","ТСП","02","1900-01-01","9999-12-31","X"
"MT99999992","716991","Эфир бутиловый акриловой кислоты (бутилакрилат) ТУ 2435-045-52470175-2012","Акрилаты","Бутилакрилат","02","1900-01-01","9999-12-31","X"
"MT99999992","829956","Полиэтилентерефталат (этерификат) ТУ 2226-008-55588670-2014","ПЭТФ","ПЭТФ Прочие","02","1900-01-01","9999-12-31","X"
"MT99999992","733294","Полиэтилентерефталат категорированный, гранулят, категория 2, 20.16.40-012-55588670-2019","ПЭТФ","ПЭТФ Прочие","02","1900-01-01","9999-12-31","X"
"MT99999992","1182292","Фракция углеводородов С5 ТУ 19.20.32-239-05766801-2020","Прочие полуфабрикаты","Фракция C5","02","1900-01-01","9999-12-31","X"
"MT99999992","1184725","Смола полиалкилбензольная ТУ 2453-196-00203335-2010","Прочие продукты нефтехимии","Прочие продукты нефтехимии","02","1900-01-01","9999-12-31","X"
"MT99999992","1379302","Пироконденсат Е-18 ТС-КОС-08/2023","Прочие топливо и топливные добавки","Пироконденсат","02","1900-01-01","9999-12-31","X"
"MT99999992","214209","Ацетон технический, сорт высший, ГОСТ 2768-84","Прочие продукты нефтехимии","Ацетон","02","1900-01-01","9999-12-31","X"
"MT99999992","1182297","Этилкарбитол технический сорт высший ТУ 2422-125-05766801-2003","Прочие продукты нефтехимии","ПОС прочие","02","1900-01-01","9999-12-31","X"
"MT99999992","1182365","Неонол АФ 9-4 ТУ 20.41.20-229-05766801-2020","Прочие продукты нефтехимии","Неонолы","02","1900-01-01","9999-12-31","X"
"MT99999992","1182314","***Бентонит отработанный ТУ 2164-005-05766801-2004","Прочие продукты нефтехимии","Прочие продукты нефтехимии","02","1900-01-01","9999-12-31","X"
"MT99999992","1182311","Абсорбент-Н, марка В ТУ 20.14.11-036-05766801-2019","Прочие топливо и топливные добавки","Абсорбент","02","1900-01-01","9999-12-31","X"
"MT99999992","1377497","Фракция альфа-олефинов С10, сорт высший ТУ 2411-178-05766801-2015","Прочие продукты нефтехимии","Альфа-олефины","02","1900-01-01","9999-12-31","X"
"MT99999992","1567249","Сода кальцинированная, расплав ТУ 2131-148-05766801-2008","Прочие продукты нефтехимии","Сода кальцинированная","02","1900-01-01","9999-12-31","X"
"MT99999992","1245235","Пластификатор Оксалайт ТС 476282","Прочие продукты нефтехимии","Флотореагент-оксаль","02","1900-01-01","9999-12-31","X"
"MT00000047","314520","Полиэтилентерефталат ВВ (гранулят), марка А ТУ 20.16.40-011-55588670-2018","ПЭТФ","ПЭТФ Прочие","02","1900-01-01","9999-12-31","X"
"MT00000047","179985","Полиэтилентерефталат FF (гранулят) ТУ 20.16.40-014-55588670-2020","ПЭТФ","ПЭТФ Целевые марки","02","1900-01-01","9999-12-31","X"
"MT00000047","843985","Полиэтилентерефталат NEOPET 80","ПЭТФ","ПЭТФ Прочие","02","1900-01-01","9999-12-31","X"
"MT00000047","998724","Полиэтилентерефталат T (гранулят) ТУ 20.16.40-013-55588670-2019","ПЭТФ","ПЭТФ Целевые марки","02","1900-01-01","9999-12-31","X"
"MT00000047","1616232","Полиэтилентерефталат (гранулят) марка HC ТУ 2226-001-55588670-2007","ПЭТФ","ПЭТФ Целевые марки","02","1900-01-01","9999-12-31","X"
"MT00000081","189537","Полипропилен, марка PP H040 GP/1 ТУ 2211-112-70353562-2015","ПП","ПП Гомополимер","02","1900-01-01","9999-12-31","X"
"MT00000081","227402","Полипропилен, марка SIBEX PP H081 CF/2 ТУ 2211-002-14596232-2016","ПП","ПП Гомополимер","02","1900-01-01","9999-12-31","X"
"MT00000081","227440","Полипропилен, марка SIBEX PP H552 IM/2 ТУ 2211-002-14596232-2016","ПП","ПП Гомополимер","02","1900-01-01","9999-12-31","X"
"MT00000081","1380950","Полипропилен, марка SIBEX PP R064 AS/5 ТУ 20.16.51-136-05766801-2015","ПП","ПП Статсополимер (Рандом)","02","1900-01-01","9999-12-31","X"
"MT00000081","1182931","***Полипропилен, марка PP 8348P ТУ 20.16.51-136-05766801-2015","ПП","ПП Прочие","02","1900-01-01","9999-12-31","X"
"MT00000081","1380963","Полипропилен, марка SIBEX PP I212 IM/5 ТУ 20.16.51-136-05766801-2015","ПП","ПП Блоксополимер","02","1900-01-01","9999-12-31","X"
"MT00000081","1380964","Полипропилен, марка SIBEX PP I302 IM/5 ТУ 20.16.51-136-05766801-2015","ПП","ПП Блоксополимер","02","1900-01-01","9999-12-31","X"
"MT00000081","1062971","Полипропилен, марка SIBEX PP I003 EX/3, ТУ 20.16.51-007-81060768-2018","ПП","ПП Блоксополимер","02","1900-01-01","9999-12-31","X"
"MT00000081","1705637","Полипропилен, марка PP I013 GP/3 ТУ 20.16.51-007-81060768-2018","ПП","ПП Блоксополимер","02","1900-01-01","9999-12-31","X"
"MT00000105","344312","Полиэтилен 15303-003, пленочный, сорт высший, ГОСТ 16337-77","ПЭ","ПЭНП","02","1900-01-01","9999-12-31","X"
"MT00000107","1062985","Полипропилен, марка SIBEX PP H270 FF/3 ТУ 20.16.51-007-81060768-2018","ПП","ПП Гомополимер","02","1900-01-01","9999-12-31","X"
"MT00000109","1883996","Полипропилен, марка PP H120 GP/8, ТУ 20.16.51-001-76332549-2016","ПП","ПП Гомополимер","02","1900-01-01","9999-12-31","X"
"MT00001050","1382340","Полиэтилен, марка HD12443 FE ТУ 20.16.10-250-00203335-2022","ПЭ","ПЭВП","02","1900-01-01","9999-12-31","X"
"MT00002015","188630","Полистирол вспенивающийся ""АЛЬФАПОР"" ПСВ, тип LP-STD, марка 710, ТС-СХП-12/2020","Полистирол","ПСВ","02","1900-01-01","9999-12-31","X"
"MT00002015","188723","Полистирол вспенивающийся ""АЛЬФАПОР"" ПСВ, тип STD, марка 532, ТС-СХП-13/2020","Полистирол","ПСВ","02","1900-01-01","9999-12-31","X"
"MT00002015","188629","Полистирол вспенивающийся ""АЛЬФАПОР"" ПСВ, тип LP-STD, марка 610, ТС-СХП-12/2020","Полистирол","ПСВ","02","1900-01-01","9999-12-31","X"
"MT00002015","687267","Полистирол вспенивающийся ""АЛЬФАПОР"" ПСВ, тип SE, марка 701, ТУ 2214-019-53505711-2010","Полистирол","ПСВ","02","1900-01-01","9999-12-31","X"
"MT00002015","1905166","Полистирол ПСВ, марка 501Т, ТС-СХП-024-2025","Полистирол","ПСВ","02","1900-01-01","9999-12-31","X"
"MT0002006","462872","Полистирол вспенивающийся ""АЛЬФАПОР"" тип SE марка 91, ТУ 2214-019-53505711-2010","Полистирол","ПСВ","02","1900-01-01","9999-12-31","X"
"MT0002006","1264472","Полистирол, марка 40FE ТУ 20.16.20-224-05766801-2020","Полистирол","ПСОН","02","1900-01-01","9999-12-31","X"
"MT00085613","495295","Термоэластопласт бутадиен-стирольный СБС Л30-01А/SBS L30-01A, гранулы, б/б 0,5 ТУ 2294-018-00148889-2013","ТЭП","Термоэластопласты","02","1900-01-01","9999-12-31","X"
"MT99999992","1464690","Абсорбент 50/370 марка Б, ТУ 20.14.11-244-05766801-2020 изм.2","Прочие топливо и топливные добавки","Абсорбент","02","1900-01-01","9999-12-31","X"
"MT99999992","1372179","Фракция фенолосодержащая жидкая, ТУ 20.14.24-255-00203335-2023","Прочие продукты нефтехимии","Прочие продукты нефтехимии","02","1900-01-01","9999-12-31","X"
"MT99999992","1264426","АБС-пластик, марка ABS 0646 ТУ 2214-159-05766801-2011","Пластики","АБС пластик","02","1900-01-01","9999-12-31","X"
"MT99999992","1234709","Кислота полиакриловая нейтрализованная Альфапол, марка Н ТУ 20.16.53-005-76655100-2022","Прочие продукты нефтехимии","Прочие продукты нефтехимии","02","1900-01-01","9999-12-31","X"
"MT99999992","1182589","Полистирол ТП, марка А ТУ 20.16.20-195-05766801-2016","Полистирол","ПСОН","02","1900-01-01","9999-12-31","X"
"MT99999992","841136","Абсорбент А-2 тяжелый, марка К, ТУ 2411-010-48158319-2000","Прочие топливо и топливные добавки","Абсорбент А-2","02","1900-01-01","9999-12-31","X"
"MT99999992","830245","Полиэтилентерефталат (литьевой) ТУ 2226-009-55588670-2014","ПЭТФ","ПЭТФ Прочие","02","1900-01-01","9999-12-31","X"
"MT99999992","786651","Смола пиролизная тяжелая, марка А, ТУ 2451-183-72042240-2013","Прочие топливо и топливные добавки","ТСП","02","1900-01-01","9999-12-31","X"
"MT99999992","680043","Пироконденсат, марка B, ТУ 2451-096-70353562-2008","Прочие топливо и топливные добавки","Пироконденсат","02","1900-01-01","9999-12-31","X"
"MT99999992","546203","Раствор уксусной кислоты ТУ 20.14.32-058-52470175-2018","Прочие полуфабрикаты","Кислота уксусная","02","1900-01-01","9999-12-31","X"
"MT99999992","428761","Газ несконденсированный (абгаз), техрегламент №1-04","Прочие топливо и топливные добавки","Газ топливный АБГАЗ","02","1900-01-01","9999-12-31","X"
"MT99999992","401079","Фракция изобутан-изобутиленовая (90%) ТТ 03-11","Прочие полуфабрикаты","ИИФ","02","1900-01-01","9999-12-31","X"
"MT99999992","991310","Термоэластопласты бутадиен-стирольные маслонаполненные СБС РП 8361(N)/SBS RP 8361(N), гранулы, мешок ТУ 20.17.10-029-00148889-2019","ТЭП","Термоэластопласты","02","1900-01-01","9999-12-31","X"
"MT99999992","164195","Полиэтилентерефталат (гранулят) категорированный, марка B ТУ 2226-012-39989731-2011","ПЭТФ","ПЭТФ Прочие","02","1900-01-01","9999-12-31","X"
"MT99999992","408965","Концентрат спиртово-эфирный, марка А, ТУ 2422-012-53505711-2005","Прочие топливо и топливные добавки","Спирто-эфирный концентрат","02","1900-01-01","9999-12-31","X"
"MT99999992","653996","Бензол нефтехимический, сорт высший ГОСТ Р 58415-2019","Бензол","Бензол","02","1900-01-01","9999-12-31","X"
"MT99999992","651653","Эфир монометаллиловый полиэтиленгликоля МЭПЭГ-3500 ТУ 20.14.63-006-25604727-2018","Прочие продукты нефтехимии","Прочие продукты нефтехимии","02","1900-01-01","9999-12-31","X"
"MT99999992","1182591","Полистирол некондиционный спецификация № 273642","Полистирол","ПСОН","02","1900-01-01","9999-12-31","X"
"MT00000047","1189696","ПЭТФ (ПЭТ) голубой/прозрачный (бутылка)","Прочие продукты нефтехимии","Прочие продукты нефтехимии","02","1900-01-01","9999-12-31","X"
"MT00000047","314845","Полиэтилентерефталат ВВ (гранулят), марка Б ТУ 20.16.40-011-55588670-2018","ПЭТФ","ПЭТФ Прочие","02","1900-01-01","9999-12-31","X"
"MT00000047","1778271","Полиэтилентерефталат YISHENG DAHUA PETROCHEMICAL YS-W01","ПЭТФ","ПЭТФ Прочие","02","1900-01-01","9999-12-31","X"
"MT00000081","159861","Полипропилен, марка SIBEX PP R003 EX/1 ТУ 2211-112-70353562-2015","ПП","ПП Статсополимер (Рандом)","02","1900-01-01","9999-12-31","X"
"MT00000081","226152","Полипропилен, марка SIBEX PP H031 BF/2 ТУ 2211-002-14596232-2016","ПП","ПП Гомополимер","02","1900-01-01","9999-12-31","X"
"MT00000081","1006165","***Полипропилен, марка PP I452 IM/3 ТУ 20.16.51-007-81060768-2018","ПП","ПП Блоксополимер","02","1900-01-01","9999-12-31","X"
"MT00000081","1007279","Полипропилен, марка PP I450 GP/3 ТУ 20.16.51-007-81060768-2018","ПП","ПП Блоксополимер","02","1900-01-01","9999-12-31","X"
"MT00000081","1380968","Полипропилен, марка SIBEX PP T082 IM/5 ТУ 20.16.51-136-05766801-2015","ПП","ПП Блоксополимер","02","1900-01-01","9999-12-31","X"
"MT00000081","1807389","Полипропилен, марка SIBEX PP T015 EX/5 ТС НКНХ-040-2024","ПП","ПП Блоксополимер","02","1900-01-01","9999-12-31","X"
"MT00000105","1188962","***Полиэтилен 15313-003, сорт высший, (ТП) ГОСТ 16337-77 К АРХИВИРОВАНИЮ","ПЭ","ПЭНП","02","1900-01-01","9999-12-31","X"
"MT00000107","211771","Полипропилен, марка Полиом PP H270 FF, ТУ 20.16.51-001-76332549-2016","ПП","ПП Гомополимер","02","1900-01-01","9999-12-31","X"
"MT00000107","189529","Полипропилен, марка PP H270 GP/1 ТУ 2211-112-70353562-2015","ПП","ПП Гомополимер","02","1900-01-01","9999-12-31","X"
"MT00000107","739850","Полипропилен, марка PP H250 GP/2 ТУ 2211-001-14596232-2012","ПП","ПП Гомополимер","02","1900-01-01","9999-12-31","X"
"MT00000110","227412","Полипропилен, марка SIBEX PP H253 FF/2 ТУ 2211-002-14596232-2016","ПП","ПП Гомополимер","02","1900-01-01","9999-12-31","X"
"MT00000110","226955","Полипропилен, марка SIBEX PP H263 FF/3, ТУ 2211-006-93911504-2015","ПП","ПП Гомополимер","02","1900-01-01","9999-12-31","X"
"MT00000110","226957","Полипропилен, марка SIBEX PP H270 FF/3, ТУ 2211-006-93911504-2015","ПП","ПП Гомополимер","02","1900-01-01","9999-12-31","X"
"MT00001050","606961","Полиэтилен, марка HD 80520 FE, пробная партия ТУ 20.16.10-006-81060768-2018","ПЭ","ПЭВП","02","1900-01-01","9999-12-31","X"
"MT00001050","370417","Полиэтилен 293-285Д ТУ 2243-127-00203335-2000","ПЭ","ПЭВП","02","1900-01-01","9999-12-31","X"
"MT00002015","947006","Полистирол вспенивающийся ПСВ, тип LP-STD, марка 250, ТС-СХП-08/2019","Полистирол","ПСВ","02","1900-01-01","9999-12-31","X"
"MT00002015","188577","Полистирол вспенивающийся ""АЛЬФАПОР"" ПСВ, тип LP-STD, марка 210, ТС-СХП-12/2020","Полистирол","ПСВ","02","1900-01-01","9999-12-31","X"
"MT00002015","430608","Полистирол вспенивающийся ""АЛЬФАПОР"" ПСВ, тип SE, марка 601, ТУ 2214-019-53505711-2010","Полистирол","ПСВ","02","1900-01-01","9999-12-31","X"
"MT00002015","1905171","Полистирол ПСВ, марка 701Т, ТС-СХП-024-2025","Полистирол","ПСВ","02","1900-01-01","9999-12-31","X"
"MT00002015","462875","Полистирол вспенивающийся ""АЛЬФАПОР"" тип SE марка MIX, ТУ 2214-019-53505711-2010","Полистирол","ПСВ","02","1900-01-01","9999-12-31","X"
"MT0002006","1563478","Полистирол (загрязненный)","Полистирол","ПСОН","02","1900-01-01","9999-12-31","X"
"MT99999992","1182289","Фракция пипериленовая, марка А ТУ 2411-017-05766801-2005","Прочие продукты нефтехимии","ЖМУФ прочие","02","1900-01-01","9999-12-31","X"
"MT99999992","1362152","Полиэфир простой ПЭГ-400 ТУ 20.16.40-255-05766801-2022","Гликоли","ПЭГ","02","1900-01-01","9999-12-31","X"
"MT99999992","1227762","Фракция пропиленовая, марка Б СТО 68699968-001-2014","Пропилен","Пропилен и фракция пропиленовая","02","1900-01-01","9999-12-31","X"
"MT99999992","1207311","Бисфенол А, марка С (Дифенилолпропан) ТУ 20.14.24-248-00203335-2022","Бисфенол А","Бисфенол А","02","1900-01-01","9999-12-31","X"
"MT99999992","1184699","***Отход производства поликарбонатов, марка Д ТУ 2226-186-00203335-2009","Поликарбонаты","Поликарбонаты","02","1900-01-01","9999-12-31","X"
"MT99999992","1184676","Бисфенол А, марка ВЧ (Дифенилолпропан) ТУ 2423-172-00203335-2007","Бисфенол А","Бисфенол А","02","1900-01-01","9999-12-31","X"
"MT99999992","1184558","Фракция изобутиленовая, марка А, ТУ 20.14.11-027-81060768-2022","Изобутилен","К изобутилен","02","1900-01-01","9999-12-31","X"
"MT99999992","1182082","Флотореагент-оксаль марка Т-92 осветленный спецификация № 329074","Прочие продукты нефтехимии","Флотореагент-оксаль","02","1900-01-01","9999-12-31","X"
"MT99999992","721369","Полиэтилентерефталат аморфный категорированный, гранулят, категория 2 ТУ 2226-013-39989731-2011","ПЭТФ","ПЭТФ Прочие","02","1900-01-01","9999-12-31","X"
"MT99999992","460472","Полипропилен атактический брикетированный ТУ 2211-001-89007331-2011","ПП","ПП Прочие","02","1900-01-01","9999-12-31","X"
"MT99999992","164205","Полиэтилентерефталат (гранулят) категорированный, марка C ТУ 2226-012-39989731-2011","ПЭТФ","ПЭТФ Прочие","02","1900-01-01","9999-12-31","X"
"MT99999992","1046019","Смола пиролизная тяжелая ТУ 20.59.59-015-81060768-2019","Прочие топливо и топливные добавки","ТСП","02","1900-01-01","9999-12-31","X"
"MT99999992","459180","Полипропилен атактический АПП, расплав ТУ 2211-056-70353562-2008","Прочие продукты нефтехимии","Полимеры прочие","02","1900-01-01","9999-12-31","X"
"MT99999992","953779","Этилбензол технический, сорт высший, ГОСТ 9385-2013","Прочие полуфабрикаты","Этилбензол","02","1900-01-01","9999-12-31","X"
"MT99999992","380024","Полиэтилентерефталат аморфный (гранулят), ПЭТФ-А-70, ТУ 2226-002-55588670-2007","ПЭТФ","ПЭТФ Прочие","02","1900-01-01","9999-12-31","X"
"MT99999992","1617434","Пироконденсат гидростабилизированный, нефтяной, сорт третий ТУ 20.59.59-007-68699968-2020","Прочие топливо и топливные добавки","Фракция C9","02","1900-01-01","9999-12-31","X"
"MT99999992","1182659","***Тетрамеры пропилена спецификация № 373697","Прочие продукты нефтехимии","Олигомеры пропилена","02","1900-01-01","9999-12-31","X"
"MT99999992","1402493","Пироконденсат гидростабилизированный нефтяной, фракция С9 ТУ 2415-004-05766801-2003","Прочие топливо и топливные добавки","Фракция C9","02","1900-01-01","9999-12-31","X"
"MT99999992","1184675","Бисфенол А, марка АП (Дифенилолпропан) ТУ 2423-172-00203335-2007","Бисфенол А","Бисфенол А","02","1900-01-01","9999-12-31","X"
"MT99999992","338747","***Моноалкилфенолы на основе тримеров пропилена ТУ 38.602-09-20-91","Прочие продукты нефтехимии","Моноалкилфенолы","02","1900-01-01","9999-12-31","X"
"MT99999992","1182286","Дициклопентадиен, марка Э спецификация № 204045","Прочие продукты нефтехимии","Мономеры прочие","02","1900-01-01","9999-12-31","X"
"MT99999992","1566390","Сода кальцинированная, раствор ТУ 2131-148-05766801-2008","Прочие продукты нефтехимии","Сода кальцинированная","02","1900-01-01","9999-12-31","X"
"MT99999992","1148525","Фракция цветные хлопья ПЭТ 19169-02-ИОС7","ПЭТФ","Хлопья ПЭТ","02","1900-01-01","9999-12-31","X"
"MT99999992","1396289","Полиэтилентерефталат VIVILEN категорированный, категория 1, ТУ 20.16.40-025-39989731-2023","ПЭТФ","ПЭТФ Прочие","02","1900-01-01","9999-12-31","X"
"MT00000047","380024","Полиэтилентерефталат аморфный (гранулят), ПЭТФ-А-70, ТУ 2226-002-55588670-2007","ПЭТФ","ПЭТФ Прочие","02","1900-01-01","9999-12-31","X"
"MT00000047","721363","Полиэтилентерефталат высоковязкий категорированный, гранулят, категория 1, ТУ 2226-012-39989731-2011","ПЭТФ","ПЭТФ Прочие","02","1900-01-01","9999-12-31","X"
"MT00000047","1602311","Полиэтилентерефталат VIVILEN rPET, г/п, втор. сырья 23,5 % ТУ 20.16.40-021-39989731-2021","ПЭТФ","ПЭТФ Целевые марки","02","1900-01-01","9999-12-31","X"
"MT00000047","1347585","***Полиэтилентерефталат HF (гранулят), марка Б ТУ 20.16.40-015-55588670-2023","ПЭТФ","ПЭТФ Целевые марки","02","1900-01-01","9999-12-31","X"
"MT00000081","1232999","Полипропилен, марка PP H030 GP/7 СТ ТОО 50391885-01-2022","ПП","ПП Гомополимер","02","1900-01-01","9999-12-31","X"
"MT00000081","211770","Полипропилен, марка Полиом PP H253 FF, ТУ 20.16.51-001-76332549-2016","ПП","ПП Гомополимер","02","1900-01-01","9999-12-31","X"
"MT00000081","1048798","Полипропилен, марка PP D ТУ 2211-105-70353562-2014","ПП","ПП Прочие","02","1900-01-01","9999-12-31","X"
"MT00000081","1062983","Полипропилен, марка SIBEX PP R003 EX/3, ТУ 20.16.51-007-81060768-2018","ПП","ПП Статсополимер (Рандом)","02","1900-01-01","9999-12-31","X"
"MT00000081","1182916","Полипропилен, марка PP 1316M ТУ 20.16.51-136-05766801-2015","ПП","ПП Прочие","02","1900-01-01","9999-12-31","X"
"MT00000081","211652","Полипропилен, марка Полиом PP H007 EX, ТУ 20.16.51-001-76332549-2016","ПП","ПП Гомополимер","02","1900-01-01","9999-12-31","X"
"MT00000081","1380959","Полипропилен, марка SIBEX PP I802 IM/5 ТУ 20.16.51-136-05766801-2015","ПП","ПП Блоксополимер","02","1900-01-01","9999-12-31","X"
"MT00000081","1380973","Полипропилен, марка SIBEX PP I013 CF/5 ТУ 20.16.51-136-05766801-2015","ПП","ПП Блоксополимер","02","1900-01-01","9999-12-31","X"
"MT00000107","226957","Полипропилен, марка SIBEX PP H270 FF/3, ТУ 2211-006-93911504-2015","ПП","ПП Гомополимер","02","1900-01-01","9999-12-31","X"
"MT00000107","739865","***Полипропилен, марка PP H270 FF/2 ТУ 2211-001-14596232-2012","ПП","ПП Гомополимер","02","1900-01-01","9999-12-31","X"
"MT00000110","677627","***Полипропилен, марка PP H253 FF/3 ТУ 20.16.51-007-81060768-2018, пробная партия","ПП","ПП Гомополимер","02","1900-01-01","9999-12-31","X"
"MT00000110","211770","Полипропилен, марка Полиом PP H253 FF, ТУ 20.16.51-001-76332549-2016","ПП","ПП Гомополимер","02","1900-01-01","9999-12-31","X"
"MT00000110","1233003","Полипропилен, марка PP H253 FF/7 СТ ТОО 50391885-01-2022","ПП","ПП Гомополимер","02","1900-01-01","9999-12-31","X"
"MT00000117","211767","Полипропилен, марка Полиом PP H085 CF, ТУ 20.16.51-001-76332549-2016","ПП","ПП Гомополимер","02","1900-01-01","9999-12-31","X"
"MT00000117","970635","***Полипропилен Полиом PP H085 CF (Poliom PP H085 CF) ТУ 2211-001-76332549-2012","ПП","ПП Гомополимер","02","1900-01-01","9999-12-31","X"
"MT00000117","1370836","Полипропилен, марка SIBEX PP R085 CF/5 ТУ 20.16.51-136-05766801-2015","ПП","ПП Статсополимер (Рандом)","02","1900-01-01","9999-12-31","X"
"MT00000117","1233000","Полипропилен, марка PP H031 BF/7 СТ ТОО 50391885-01-2022","ПП","ПП Гомополимер","02","1900-01-01","9999-12-31","X"
"MT00000117","1243128","Полипропилен, марка PP H085 CF/7 СТ ТОО 50391885-01-2022","ПП","ПП Гомополимер","02","1900-01-01","9999-12-31","X"
"MT00002015","188724","Полистирол вспенивающийся ""АЛЬФАПОР"" ПСВ, тип STD, марка MIX53, ТС-СХП-13/2020","Полистирол","ПСВ","02","1900-01-01","9999-12-31","X"
"MT00002015","188235","Полистирол вспенивающийся ""АЛЬФАПОР"" ПСВ, тип LP-SE, марка 251, ТС-СХП-11/2020","Полистирол","ПСВ","02","1900-01-01","9999-12-31","X"
"MT0002006","1197227","Полистирол, марка 585 ТУ 20.16.20-224-05766801-2020 сфер.гр","Полистирол","ПСОН","02","1900-01-01","9999-12-31","X"
"MT0002006","1182568","Полистирол, марка 525M ТУ 20.16.20-224-05766801-2020","Полистирол","ПСОН","02","1900-01-01","9999-12-31","X"
"MT0002006","1182587","Полистирол, марка 583V ТУ 20.16.20-224-05766801-2020","Полистирол","ПСОН","02","1900-01-01","9999-12-31","X"
"MT0002006","1197240","Полистирол, марка 35FE ТУ 20.16.20-224-05766801-2020 цил.гр","Полистирол","ПСОН","02","1900-01-01","9999-12-31","X"
"MT0002006","1182561","Полистирол, марка 30FEB ТУ 20.16.20-224-05766801-2020","Полистирол","ПСОН","02","1900-01-01","9999-12-31","X"
"MT00085613","596903","Термоэластопласты бутадиен-стирольные СБС Р 7382/SBS R 7382,гранулы,б/б ТУ 20.17.10-028-00148889-2019","ТЭП","Термоэластопласты","02","1900-01-01","9999-12-31","X"
"MT00085613","1052733","Термоэластопласты бутадиен-стирольные СБС Р30-00AП/SBS R30-00AP, пористые гранулы, б/б ТУ 2294-019-00148889-2013","ТЭП","Термоэластопласты","02","1900-01-01","9999-12-31","X"
"MT99999992","1374945","Поликарбонат, марка Д ТУ 20.16.40-254-00203335-2023","Поликарбонаты","Поликарбонаты","02","1900-01-01","9999-12-31","X"
"MT99999992","1182488","Неонол АФ 9-9 ТУ 20.41.20-229-05766801-2020","Прочие продукты нефтехимии","Неонолы","02","1900-01-01","9999-12-31","X"
"MT99999992","1182486","Неонол АФ 9-6 ТУ 20.41.20-229-05766801-2020","Прочие продукты нефтехимии","Неонолы","02","1900-01-01","9999-12-31","X"
"MT99999992","1073120","Пироконденсат легкий, сорт 1 ТУ 2451-096-70353562-2008","Прочие топливо и топливные добавки","Пироконденсат","02","1900-01-01","9999-12-31","X"
"MT99999992","897818","Триэтиленгликоль технический, марка Б ТУ 2422-055-52470175-2014","Гликоли","ТЭГ","02","1900-01-01","9999-12-31","X"
"MT99999992","1188323","***Пироконденсат Е-18 ТС-КОС-04/2022","Прочие топливо и топливные добавки","Пироконденсат","02","1900-01-01","9999-12-31","X"
"MT99999992","337647","Фракция изобутан-изобутиленовая ТУ 2411-010-04605527-96","Прочие полуфабрикаты","ИИФ","02","1900-01-01","9999-12-31","X"
"MT99999992","883801","Термоэластопласт бутадиен-стирольный ДСТ Р 30-00N/DST R 30-00N, гранулы, МКР ТУ 2294-021-00148889-2014","ТЭП","Термоэластопласты","02","1900-01-01","9999-12-31","X"
"MT99999992","745543","Продукт эластомерный группа ЭП-ТЭП, марка А ТУ 2294-017-00148889-2013","ТЭП","Термоэластопласты","02","1900-01-01","9999-12-31","X"
"MT99999992","337670","Пироконденсат техрегламент ПМ-01-2008","Прочие топливо и топливные добавки","Пироконденсат","02","1900-01-01","9999-12-31","X"
"MT99999992","256319","***Смола тяжелая пиролиза ТУ 2451-168-00151727-00","Прочие топливо и топливные добавки","ТСП","02","1900-01-01","9999-12-31","X"
"MT99999992","728446","Полиэтилентерефталат (пыль с гранулятом) ТУ 2226-005-55588670-2012","ПЭТФ","ПЭТФ Прочие","02","1900-01-01","9999-12-31","X"
"MT99999992","732714","Полиэтилентерефталат вторичный (гранулят) ПЭТФ-В-50 ТУ 2226-003-55588670-2011","ПЭТФ","ПЭТФ Целевые марки","02","1900-01-01","9999-12-31","X"
"MT99999992","617057","Кислота терефталевая категорированная, сорт 1 ТУ 20.14.34-019-39989731-2019","ТФК","ТФК","02","1900-01-01","9999-12-31","X"
"MT99999992","1184686","Фракция жидкая низкокипящих веществ ТУ 24.14.21-221-00203335-2016","Прочие продукты нефтехимии","Прочие продукты нефтехимии","02","1900-01-01","9999-12-31","X"
"MT99999992","1182080","Флотореагент-оксаль марка Т-66 ТУ 20.59.59-029-05766801-2016","Прочие продукты нефтехимии","Флотореагент-оксаль","02","1900-01-01","9999-12-31","X"
"MT99999992","1184708","***Продукт побочный этиленкарбоната ТУ 2435-180-00203335-2008","Прочие продукты нефтехимии","Прочие продукты нефтехимии","02","1900-01-01","9999-12-31","X"
"MT99999992","1185172","Полиэтилентерефталат расплав, сорт 1, вторичный ТУ 38.32.33-022-39989731-2022","ПЭТФ","ПЭТФ Прочие","02","1900-01-01","9999-12-31","X"
"MT99999992","1180328","Фракция изоолефинов C7-C8 ТУ 20.14.11-241-05766801-2020","Прочие продукты нефтехимии","ПОС прочие","02","1900-01-01","9999-12-31","X"
"MT99999992","1182315","***Сода кальцинированная, расплав ТУ 2131-025-05766801-2006","Прочие продукты нефтехимии","Сода кальцинированная","02","1900-01-01","9999-12-31","X"
"MT99999992","1182624","***Полиэфир простой ПЭГ-400 ТУ 2226-061-05766801-2006","Гликоли","ПЭГ","02","1900-01-01","9999-12-31","X"
"MT99999992","1628230","АБС-пластик, марка АБС 1035М ТС НКНХ-013-2023","Пластики","АБС пластик","02","1900-01-01","9999-12-31","X"
"MT99999992","844312","Окись этилена очищенная в баллонах ГОСТ 7568-2018","Окись этилена","Окись этилена","02","1900-01-01","9999-12-31","X"
"MT00000047","721368","Полиэтилентерефталат аморфный категорированный ПЭТФ, гранулят, категория 1 ТУ 2226-013-39989731-2011","ПЭТФ","ПЭТФ Прочие","02","1900-01-01","9999-12-31","X"
"MT00000047","721370","Полиэтилентерефталат расплав, сорт 1, ТУ 2226-010-39989731-08","ПЭТФ","ПЭТФ Прочие","02","1900-01-01","9999-12-31","X"
"MT00000047","1193111","***Полиэтилентерефталат VIVILEN rPET ТУ 20.16.40-021-39989731-2021","ПЭТФ","ПЭТФ Целевые марки","02","1900-01-01","9999-12-31","X"
"MT00000047","164195","Полиэтилентерефталат (гранулят) категорированный, марка B ТУ 2226-012-39989731-2011","ПЭТФ","ПЭТФ Прочие","02","1900-01-01","9999-12-31","X"
"MT00000081","1062986","Полипропилен, марка SIBEX PP H350 FF/3 ТУ 20.16.51-007-81060768-2018","ПП","ПП Гомополимер","02","1900-01-01","9999-12-31","X"
"MT00000081","1062985","Полипропилен, марка SIBEX PP H270 FF/3 ТУ 20.16.51-007-81060768-2018","ПП","ПП Гомополимер","02","1900-01-01","9999-12-31","X"
"MT00000081","1182929","Полипропилен, марка PP 8300N ТУ 20.16.51-136-05766801-2015","ПП","ПП Прочие","02","1900-01-01","9999-12-31","X"
"MT00000081","226834","Полипропилен, марка SIBEX PP H033 FF/3, ТУ 2211-006-93911504-2015","ПП","ПП Гомополимер","02","1900-01-01","9999-12-31","X"
"MT00000081","1182927","***Полипропилен, марка PP 7540U ТУ 20.16.51-136-05766801-2015","ПП","ПП Прочие","02","1900-01-01","9999-12-31","X"
"MT00000081","1380971","Полипропилен, марка SIBEX PP T192 IM/5 ТУ 20.16.51-136-05766801-2015","ПП","ПП Блоксополимер","02","1900-01-01","9999-12-31","X"
"MT00000081","1200320","Полипропилен, марка РР I015 TR/5 ТУ 20.16.51-253-05766801-2022","ПП","ПП Прочие","02","1900-01-01","9999-12-31","X"
"MT00000081","1634634","Полипропилен, марка SIBEX PP I030 CF/5 ТУ 20.16.51-136-05766801-2015","ПП","ПП Блоксополимер","02","1900-01-01","9999-12-31","X"
"MT00000107","767001","***Полипропилен, марка PP H270 FF/1 ТУ 2211-103-70353562-2013","ПП","ПП Гомополимер","02","1900-01-01","9999-12-31","X"
"MT00000107","577469","***Полипропилен, марка PP H270 FF/3 ТУ 20.16.51-007-81060768-2018, пробная партия","ПП","ПП Гомополимер","02","1900-01-01","9999-12-31","X"
"MT00000117","1195211","Полипропилен, марка Полиом PP H081 CF, ТУ 20.16.51-001-76332549-2016","ПП","ПП Гомополимер","02","1900-01-01","9999-12-31","X"
"MT00001050","1716351","Полиэтилен, марка HD12460 FE, ТУ 20.16.10-006-81060768-2018","ПЭ","ПЭВП","02","1900-01-01","9999-12-31","X"
"MT00002015","188756","Полистирол вспенивающийся ""АЛЬФАПОР"" ПСВ, тип STD, марка 700, ТС-СХП-13/2020","Полистирол","ПСВ","02","1900-01-01","9999-12-31","X"
"MT00002015","947372","Полистирол вспенивающийся ""АЛЬФАПОР"" ПСВ, LP-STD, марка 552, ТС-СХП-08/2019","Полистирол","ПСВ","02","1900-01-01","9999-12-31","X"
"MT00002015","188729","Полистирол вспенивающийся ""АЛЬФАПОР"" ПСВ, тип STD, марка 93, ТС-СХП-13/2020","Полистирол","ПСВ","02","1900-01-01","9999-12-31","X"
"MT00002015","1905156","Полистирол ПСВ, марка 91Т, ТС-СХП-024-2025","Полистирол","ПСВ","02","1900-01-01","9999-12-31","X"
"MT0002006","1197228","Полистирол, марка 585 ТУ 20.16.20-224-05766801-2020 цил.гр","Полистирол","ПСОН","02","1900-01-01","9999-12-31","X"
"MT0002006","1264404","Полистирол, марка 500 ТУ 20.16.20-224-05766801-2020","Полистирол","ПСОН","02","1900-01-01","9999-12-31","X"
"MT0002006","1182588","Полистирол, марка 591 ТУ 20.16.20-224-05766801-2020","Полистирол","ПСОН","02","1900-01-01","9999-12-31","X"
"MT0002006","1182585","Полистирол, марка 535M спецификация № 384446","Полистирол","ПСОН","02","1900-01-01","9999-12-31","X"
"MT0002006","1197239","Полистирол, марка 35FE ТУ 20.16.20-224-05766801-2020 сфер.гр","Полистирол","ПСОН","02","1900-01-01","9999-12-31","X"
"MT00085613","148597","Термоэластопласт бутадиен-стирольный ДСТ Р 30-00/DST R 30-00, гранулы МКР 0,5 ТУ 2294-021-00148889-2014","ТЭП","Термоэластопласты","02","1900-01-01","9999-12-31","X"
"MT99999992","1184727","Газ топливный (метано-водородная фракция) ТУ 19.20.32-231-00203335-2018","Прочие продукты нефтехимии","Фракция метан-водородная","02","1900-01-01","9999-12-31","X"
"MT99999992","952480","***Фракция пропиленовая СТО 68699968-001-2014","Пропилен","Пропилен и фракция пропиленовая","02","1900-01-01","9999-12-31","X"
"MT99999992","213274","***Фракция толуольная ТУ 38-05767858-08-95","Прочие продукты нефтехимии","Толуольная фракция","02","1900-01-01","9999-12-31","X"
"MT99999992","1364115","Полиэфир простой ПЭГ-200 ТУ 20.16.40-255-05766801-2022","Гликоли","ПЭГ","02","1900-01-01","9999-12-31","X"
"MT99999992","1185200","Дициклопентадиен, марка Б ТУ 2416-024-05766801-2007","Прочие продукты нефтехимии","Мономеры прочие","02","1900-01-01","9999-12-31","X"
"MT99999992","1182628","Метоксиполиэтиленгликоль МПЭГ-3000 ТУ 20.41.20-174-05766801-2018","Гликоли","ПЭГ","02","1900-01-01","9999-12-31","X"
"MT99999992","745549","Продукт эластомерный группа ЭП-ТЭП, марка Б ТУ 2294-017-00148889-2013","ТЭП","Термоэластопласты","02","1900-01-01","9999-12-31","X"
"MT99999992","314520","Полиэтилентерефталат ВВ (гранулят), марка А ТУ 20.16.40-011-55588670-2018","ПЭТФ","ПЭТФ Прочие","02","1900-01-01","9999-12-31","X"
"MT99999992","1414643","УФ-концентрат PC UV2 5% ТЗ №2","Прочие продукты нефтехимии","Полимеры прочие","02","1900-01-01","9999-12-31","X"
"MT99999992","596595","Термоэластопласт бутадиен-стирольный СБС Л 7342 (N)/SBS L 7342 (N), гранулы, б/б ТУ 20.17.10-027-00148889-2019","ТЭП","Термоэластопласты","02","1900-01-01","9999-12-31","X"
"MT99999992","883806","Термоэластопласт бутадиен-стирольный ДСТ Л 30-01N/DST L 30-01N, порошок, в гофроконтейнере ТУ 2294-022-00148889-2014","ТЭП","Термоэластопласты","02","1900-01-01","9999-12-31","X"
"MT99999992","1073118","Пироконденсат тяжелый, технологический ТУ 2451-096-70353562-2008","Прочие топливо и топливные добавки","Пироконденсат","02","1900-01-01","9999-12-31","X"
"MT99999992","1073117","Пироконденсат легкий, технологический ТУ 2451-096-70353562-2008","Прочие топливо и топливные добавки","Пироконденсат","02","1900-01-01","9999-12-31","X"
"MT99999992","496305","Остаток кубовый ректификации акрилатов (КОРА) ТУ 20.16.40-056-52470175-2018","Прочие продукты нефтехимии","Прочие продукты нефтехимии","02","1900-01-01","9999-12-31","X"
"MT99999992","1148519","Фракция по материалу хлопья ПЭТ 19169-02-ИОС7","ПЭТФ","Хлопья ПЭТ","02","1900-01-01","9999-12-31","X"
"MT99999992","1184690","Жидкость кубовая колонны очистки ЭГ ТУ 2422-222-00203335-2015","Прочие продукты нефтехимии","Прочие продукты нефтехимии","02","1900-01-01","9999-12-31","X"
"MT99999992","1182309","Абсорбент-Н, марка А ТУ 20.14.11-036-05766801-2019","Прочие топливо и топливные добавки","Абсорбент","02","1900-01-01","9999-12-31","X"
"MT99999992","338941","***Абсорбент А-2 тяжелый, марка К, ТУ 2411-010-48158319-2000","Прочие топливо и топливные добавки","Абсорбент А-2","02","1900-01-01","9999-12-31","X"
"MT99999992","1182492","Неонол АФ 9-9,5 ТУ 20.41.20-229-05766801-2020","Прочие продукты нефтехимии","Неонолы","02","1900-01-01","9999-12-31","X"
"MT99999992","1182356","АБС-пластик ТП, марка Б ТУ 2214-184-05766801-2014","Пластики","АБС пластик","02","1900-01-01","9999-12-31","X"
"MT99999992","1508120","Флотореагент-оксаль марка Т-66 ТС № 993452","Прочие продукты нефтехимии","Флотореагент-оксаль","02","1900-01-01","9999-12-31","X"
"MT00000047","102176","Полиэтилентерефталат F (гранулят) ТУ 2226-010-55588670-2015","ПЭТФ","ПЭТФ Целевые марки","02","1900-01-01","9999-12-31","X"
"MT00000047","724392","Полиэтилентерефталат высоковязкий гранулят п/ф ТУ 2226-008-39989731-2009","ПЭТФ","ПЭТФ Прочие","02","1900-01-01","9999-12-31","X"
"MT00000047","1596835","Полиэтилентерефталат VIVILEN rPET г/п втор сырья 30 % ТУ 20.16.40-021-39989731-2021","ПЭТФ","ПЭТФ Целевые марки","02","1900-01-01","9999-12-31","X"
"MT00000081","1233001","Полипропилен, марка PP H120 GP/7 СТ ТОО 50391885-01-2022","ПП","ПП Гомополимер","02","1900-01-01","9999-12-31","X"
"MT00000081","1006138","Полипропилен, марка PP H040 GP/3, ТУ 20.16.51-007-81060768-2018","ПП","ПП Гомополимер","02","1900-01-01","9999-12-31","X"
"MT00000081","966350","Полипропилен, марка PP H120 GP/2 ТУ 2211-001-14596232-2012","ПП","ПП Гомополимер","02","1900-01-01","9999-12-31","X"
"MT00000081","1380948","Полипропилен, марка SIBEX PP R060 BF/5 ТУ 20.16.51-136-05766801-2015","ПП","ПП Статсополимер (Рандом)","02","1900-01-01","9999-12-31","X"
"MT00000081","211653","Полипропилен, марка Полиом PP H032 TF ТУ 20.16.51-001-76332549-2016","ПП","ПП Гомополимер","02","1900-01-01","9999-12-31","X"
"MT00000081","1182928","***Полипропилен, марка PP 8300G ТУ 20.16.51-136-05766801-2015","ПП","ПП Прочие","02","1900-01-01","9999-12-31","X"
"MT00000081","1182935","***Полипропилен, марка PP 8440R ТУ 20.16.51-136-05766801-2015","ПП","ПП Прочие","02","1900-01-01","9999-12-31","X"
"MT00000081","1380958","Полипропилен, марка SIBEX PP I062 CC/5 ТУ 20.16.51-136-05766801-2015","ПП","ПП Блоксополимер","02","1900-01-01","9999-12-31","X"
"MT00000081","1794422","Полипропилен, марка SIBEX PP I003 НM/3 ТУ 20.16.51-007-81060768-2018","ПП","ПП Блоксополимер","02","1900-01-01","9999-12-31","X"
"MT00000107","211664","Полипропилен, марка Полиом PP H120 GP, ТУ 20.16.51-001-76332549-2016","ПП","ПП Гомополимер","02","1900-01-01","9999-12-31","X"
"MT00000107","226917","Полипропилен, марка PP H120 GP/3, ТУ 2211-006-93911504-2015","ПП","ПП Гомополимер","02","1900-01-01","9999-12-31","X"
"MT00000109","211664","Полипропилен, марка Полиом PP H120 GP, ТУ 20.16.51-001-76332549-2016","ПП","ПП Гомополимер","02","1900-01-01","9999-12-31","X"
"MT00000110","226936","Полипропилен, марка PP H250 GP/3, ТУ 2211-006-93911504-2015","ПП","ПП Гомополимер","02","1900-01-01","9999-12-31","X"
"MT00000110","1233007","Полипропилен, марка PP H350 FF/7 СТ ТОО 50391885-01-2022","ПП","ПП Гомополимер","02","1900-01-01","9999-12-31","X"
"MT00000117","1062976","Полипропилен, марка SIBEX PP H031 BF/3 ТУ 20.16.51-007-81060768-2018","ПП","ПП Гомополимер","02","1900-01-01","9999-12-31","X"
"MT00002015","188720","Полистирол вспенивающийся ""АЛЬФАПОР"" ПСВ, тип STD, марка 500, ТС-СХП-13/2020","Полистирол","ПСВ","02","1900-01-01","9999-12-31","X"
"MT00002015","949154","Полистирол вспенивающийся ПСВ, тип LP-STD, марка 95, ТС-СХП-08/2019","Полистирол","ПСВ","02","1900-01-01","9999-12-31","X"
"MT00002015","188394","Полистирол вспенивающийся ""АЛЬФАПОР"" ПСВ, тип LP-SE, марка 751, ТС-СХП-11/2020","Полистирол","ПСВ","02","1900-01-01","9999-12-31","X"
"MT00002015","1905160","Полистирол ПСВ, марка 301Т, ТС-СХП-024-2025","Полистирол","ПСВ","02","1900-01-01","9999-12-31","X"
"MT00002015","1905136","Полистирол ПСВ, марка 201Т, ТС-СХП-024-2025","Полистирол","ПСВ","02","1900-01-01","9999-12-31","X"
"MT00002015","188582","Полистирол вспенивающийся ""АЛЬФАПОР"" ПСВ, тип LP-STD, марка 410, ТС-СХП-12/2020","Полистирол","ПСВ","02","1900-01-01","9999-12-31","X"
"MT00002015","188355","Полистирол вспенивающийся ""АЛЬФАПОР"" ПСВ, тип LP-SE, марка 351, ТС-СХП-11/2020","Полистирол","ПСВ","02","1900-01-01","9999-12-31","X"
"MT00002015","1905169","Полистирол ПСВ, марка 502Т, ТС-СХП-024-2025","Полистирол","ПСВ","02","1900-01-01","9999-12-31","X"
"MT00002015","1734109","Полистирол нерассев ПСВ ТР-53505711-20-2023","Полистирол","ПСВ","02","1900-01-01","9999-12-31","X"
"MT0002006","1182576","Полистирол, марка 740 ТУ 20.16.20-224-05766801-2020","Полистирол","ПСОН","02","1900-01-01","9999-12-31","X"
"MT0002006","1264418","Полистирол, марка 585B ТУ 20.16.20-224-05766801-2020","Полистирол","ПСОН","02","1900-01-01","9999-12-31","X"
"MT0002006","1182570","Полистирол, марка 530B ТУ 20.16.20-224-05766801-2020","Полистирол","ПСОН","02","1900-01-01","9999-12-31","X"
"MT0002006","1264413","Полистирол, марка 529 ТУ 20.16.20-224-05766801-2020","Полистирол","ПСОН","02","1900-01-01","9999-12-31","X"
"MT0002006","1846202","Полистирол модифицированный, марка PS Mod ТС НКНХ-050-2025","Полистирол","ПСОН","02","1900-01-01","9999-12-31","X"
"MT99999992","428747","Фракция бутилен-изобутиленовая (техрегламент 34-04) (ДЛЯ ПЕРЕРАБОТКИ)","Прочие продукты нефтехимии","ЖМУФ прочие","02","1900-01-01","9999-12-31","X"
"MT99999992","1449901","Бентонит для переработки ТУ 2164-005-05766801-2004","Прочие продукты нефтехимии","Прочие продукты нефтехимии","02","1900-01-01","9999-12-31","X"
"MT99999992","1374950","Поликарбонат, марка Ж ТУ 20.16.40-254-00203335-2023","Поликарбонаты","Поликарбонаты","02","1900-01-01","9999-12-31","X"
"MT99999992","1207307","Бисфенол А, марка Г (Дифенилолпропан) ТУ 20.14.24-248-00203335-2022","Бисфенол А","Бисфенол А","02","1900-01-01","9999-12-31","X"
"MT99999992","1181437","Фракция пропиленовая улучшенная, спецификация ЗСНХ-006-2021","Пропилен","Пропилен и фракция пропиленовая","02","1900-01-01","9999-12-31","X"
"MT99999992","1131223","Ангидрид малеиновый, жидкий, некондиция","Малеиновый ангидрид","Малеиновый ангидрид","02","1900-01-01","9999-12-31","X"
"MT99999992","1058832","Абсорбент-М, марка D, ТУ 2435-002-39989731-2006 с изм. 1-3","Прочие топливо и топливные добавки","Абсорбент","02","1900-01-01","9999-12-31","X"
"MT99999992","1183821","Блок-сополимер СБС-330ЛТ ТУ 20.17.10-214-05766801-2020","ТЭП","Термоэластопласты","02","1900-01-01","9999-12-31","X"
"MT99999992","1383533","Термоэластопласты бутадиен-стирольные маслонаполненные СБС РП 8561(N)/SBS RP 8561(N), гранулы, б/б ТТ 00148889-058-2023","ТЭП","Термоэластопласты","02","1900-01-01","9999-12-31","X"
"MT99999992","186155","Топливо печное темное ТУ 0252-038-48418772-2003","Прочие топливо и топливные добавки","Печное топливо","02","1900-01-01","9999-12-31","X"
"MT99999992","723863","Кислота терефталевая очищенная г/п ТУ 2477-012-00209421-2003","ТФК","ТФК","02","1900-01-01","9999-12-31","X"
"MT99999992","1182658","Тримеры пропилена ТУ 2211-031-05766801-2014","Прочие продукты нефтехимии","Олигомеры пропилена","02","1900-01-01","9999-12-31","X"
"MT99999992","1184691","Остаток кубовый жидких продуктов пиролиза, марка Б ТУ 2451-216-00203335-2013","Прочие продукты нефтехимии","Прочие продукты нефтехимии","02","1900-01-01","9999-12-31","X"
"MT99999992","1177496","Полиэтиленгликоль ненасыщенный НПЭГ-2400 ТУ 20.41.42-246-05766801-2021","Гликоли","ПЭГ","02","1900-01-01","9999-12-31","X"
"MT99999992","1182308","Пентамеры пропилена, марка Б ТУ 2211-020-05766801-2003","Прочие продукты нефтехимии","Олигомеры пропилена","02","1900-01-01","9999-12-31","X"
"MT99999992","1182316","Абсорбент 50/370, марка А ТУ 2411-139-05766801-2007","Прочие топливо и топливные добавки","Абсорбент","02","1900-01-01","9999-12-31","X"
"MT99999992","1182512","Фракция альфа-олефинов C8 сорт первый (Октен-1) ТУ 2411-178-05766801-2015","Прочие продукты нефтехимии","Альфа-олефины","02","1900-01-01","9999-12-31","X"
"MT99999992","1226328","Масло синтетическое ПАГ-270 ТС 437512","Прочие топливо и топливные добавки","Топливные компоненты прочие","02","1900-01-01","9999-12-31","X"
"MT99999992","1407487","Этилцеллозольв технический, сорт высший, (ГОЗ) ТР 2.09.1006-20","Прочие продукты нефтехимии","ПОС прочие","02","1900-01-01","9999-12-31","X"
"MT99999992","532508","Альдегид нормальный масляный ТУ 20.14.61-030-53505711-2018","Прочие продукты нефтехимии","Прочие продукты нефтехимии","02","1900-01-01","9999-12-31","X"
"MT00000081","1006117","Полипропилен, марка PP H150 TR/3 ТУ 20.16.51-008-81060768-2018","ПП","ПП Прочие","02","1900-01-01","9999-12-31","X"
"MT00000081","226858","Полипропилен, марка SIBEX PP H043 FF/3, ТУ 2211-006-93911504-2015","ПП","ПП Гомополимер","02","1900-01-01","9999-12-31","X"
"MT00000081","265063","Полипропилен, марка SIBEX PP H063 FF/3, ТУ 2211-006-93911504-2015","ПП","ПП Гомополимер","02","1900-01-01","9999-12-31","X"
"MT00000081","802014","Полипропилен, марка PP H 450 GP/2 ТУ 2211-001-14596232-2012","ПП","ПП Гомополимер","02","1900-01-01","9999-12-31","X"
"MT00000081","143303","Полипропилен, марка SIBEX PP H022 CM/1 ТУ 2211-112-70353562-2015","ПП","ПП Гомополимер","02","1900-01-01","9999-12-31","X"
"MT00000081","226154","Полипропилен, марка SIBEX PP H032 TF/2 ТУ 2211-002-14596232-2016","ПП","ПП Гомополимер","02","1900-01-01","9999-12-31","X"
"MT00000081","739850","Полипропилен, марка PP H250 GP/2 ТУ 2211-001-14596232-2012","ПП","ПП Гомополимер","02","1900-01-01","9999-12-31","X"
"MT00000081","739873","Полипропилен, марка PP H040 GP/2 ТУ 2211-001-14596232-2012","ПП","ПП Гомополимер","02","1900-01-01","9999-12-31","X"
"MT00000081","227417","Полипропилен, марка SIBEX PP H451 IM/2 ТУ 2211-002-14596232-2016","ПП","ПП Гомополимер","02","1900-01-01","9999-12-31","X"
"MT00000081","1182941","***Полипропилен, марка PP 9240PM спецификация № 416453","ПП","ПП Прочие","02","1900-01-01","9999-12-31","X"
"MT00000081","1380939","Полипропилен, марка SIBEX PP H080 CF/5 ТУ 20.16.51-136-05766801-2015","ПП","ПП Гомополимер","02","1900-01-01","9999-12-31","X"
"MT00000081","1182936","***Полипропилен, марка PP 8440T ТУ 20.16.51-136-05766801-2015","ПП","ПП Прочие","02","1900-01-01","9999-12-31","X"
"MT00000081","1380960","Полипропилен, марка SIBEX PP I083 IM/5 ТУ 20.16.51-136-05766801-2015","ПП","ПП Блоксополимер","02","1900-01-01","9999-12-31","X"
"MT00000081","1911524","Полипропилен, марка SIBEX PP I013 SE/3 ТУ 20.16.51-007-81060768-2018","ПП","ПП Блоксополимер","02","1900-01-01","9999-12-31","X"
"MT00000081","2032474","Полипропилен, марка SIBEX PP I003 OC/3 ТУ 20.16.51-007-81060768-2018","ПП","ПП Блоксополимер","02","1900-01-01","9999-12-31","X"
"MT00000107","744927","Полипропилен, марка PP H270 FF/3 ТУ 2211-001-93911504-2012","ПП","ПП Гомополимер","02","1900-01-01","9999-12-31","X"
"MT00000107","1006127","Полипропилен, марка PP H270 FF/3 ТУ 20.16.51-007-81060768-2018","ПП","ПП Гомополимер","02","1900-01-01","9999-12-31","X"
"MT00000117","226827","Полипропилен, марка SIBEX PP H031 BF/3, ТУ 2211-006-93911504-2015","ПП","ПП Гомополимер","02","1900-01-01","9999-12-31","X"
"MT00002015","188730","Полистирол вспенивающийся ""АЛЬФАПОР"" ПСВ, тип STD, марка 600, ТС-СХП-13/2020","Полистирол","ПСВ","02","1900-01-01","9999-12-31","X"
"MT00002015","188709","Полистирол вспенивающийся ""АЛЬФАПОР"" ПСВ, тип STD, марка 200, ТС-СХП-13/2020","Полистирол","ПСВ","02","1900-01-01","9999-12-31","X"
"MT00002015","188377","Полистирол вспенивающийся ""АЛЬФАПОР"" ПСВ, тип LP-SE, марка 551, ТС-СХП-11/2020","Полистирол","ПСВ","02","1900-01-01","9999-12-31","X"
"MT00002015","947900","Полистирол вспенивающийся ПСВ, тип LP-STD, марка MIX50, ТС-СХП-08/2019","Полистирол","ПСВ","02","1900-01-01","9999-12-31","X"
"MT00002015","188361","Полистирол вспенивающийся ""АЛЬФАПОР"" ПСВ, тип LP-SE, марка 451, ТС-СХП-11/2020","Полистирол","ПСВ","02","1900-01-01","9999-12-31","X"
"MT00002015","763268","Полистирол вспененный (плиты, обрезки, крошка) ТУ 2244-024-53505711-2013","Полистирол","ПСВ","02","1900-01-01","9999-12-31","X"
"MT00002015","462872","Полистирол вспенивающийся ""АЛЬФАПОР"" тип SE марка 91, ТУ 2214-019-53505711-2010","Полистирол","ПСВ","02","1900-01-01","9999-12-31","X"
"MT0002006","1182564","Полистирол, марка 403 ТУ 20.16.20-224-05766801-2020","Полистирол","ПСОН","02","1900-01-01","9999-12-31","X"
"MT0002006","1700826","Полистирол загрязненный спецификация №НКНХ-019-2024","Полистирол","ПСОН","02","1900-01-01","9999-12-31","X"
"MT00085613","1652494","Термоэластопласт бутадиен-стирольный СБС Л 30-01 Н/SBS L 30-01 Н, гранулы, б/б 0,5 ТТ-ВСК-064-2024","ТЭП","Термоэластопласты","02","1900-01-01","9999-12-31","X"
"MT99999992","721370","Полиэтилентерефталат расплав, сорт 1, ТУ 2226-010-39989731-08","ПЭТФ","ПЭТФ Прочие","02","1900-01-01","9999-12-31","X"
"MT99999992","1492358","Тетрамеры пропилена сорт первый ТС НКНХ-004-2023","Прочие продукты нефтехимии","Олигомеры пропилена","02","1900-01-01","9999-12-31","X"
"MT99999992","1212388","АБС-пластик, марка ABS 3432 ТУ 2214-159-05766801-2011","Пластики","АБС пластик","02","1900-01-01","9999-12-31","X"
"MT99999992","1194288","Остатки кубовые отгона стоков (КООС) спецификация № 143318","Прочие продукты нефтехимии","Прочие продукты нефтехимии","02","1900-01-01","9999-12-31","X"
"MT99999992","1182301","Фракция триметилкарбинольная, марка В ТУ 2421-050-05766801-96","Прочие продукты нефтехимии","ПОС прочие","02","1900-01-01","9999-12-31","X"
"MT99999992","1182288","Фракция ацетальдегидная ТУ 2417-080-05766801-2015","Прочие продукты нефтехимии","Прочие продукты нефтехимии","02","1900-01-01","9999-12-31","X"
"MT99999992","1073122","Пироконденсат тяжелый, сорт 1 ТУ 2451-096-70353562-2008","Прочие топливо и топливные добавки","Пироконденсат","02","1900-01-01","9999-12-31","X"
"MT99999992","164083","Полиэтилентерефталат (гранулят) категорированный, марка A ТУ 2226-012-39989731-2011","ПЭТФ","ПЭТФ Прочие","02","1900-01-01","9999-12-31","X"
"MT99999992","437752","Фракция бензол-толуольная (бентол) ТУ 2415-032-05762341-2009","Прочие топливо и топливные добавки","Бентол","02","1900-01-01","9999-12-31","X"
"MT99999992","337706","Смесь углеводородная ТУ 38.303-03-069-99","Прочие полуфабрикаты","Смесь углеводородная техническая","02","1900-01-01","9999-12-31","X"
"MT99999992","685710","Эфир метиловый акриловой кислоты ТУ 2435-046-52470175-2012","Акрилаты","Метилакрилат","02","1900-01-01","9999-12-31","X"
"MT99999992","779838","Смесь содосульфатная ТУ 2141-049-52470175-2013","Прочие продукты нефтехимии","ПОС прочие","02","1900-01-01","9999-12-31","X"
"MT99999992","343191","Ацетон технический, сорт первый, ГОСТ 2768-84","Прочие продукты нефтехимии","Ацетон","02","1900-01-01","9999-12-31","X"
"MT99999992","1182293","Смола пиролизная тяжелая, марка А ТУ 20.59.59-128-05766801-2017","Прочие топливо и топливные добавки","ТСП","02","1900-01-01","9999-12-31","X"
"MT99999992","213299","Пропилена окись техническая, сорт высший, ГОСТ 23001-88","Окись пропилена","Окись пропилена","02","1900-01-01","9999-12-31","X"
"MT99999992","1586329","Моноалкилфенолы на основе тримеров пропилена (Нонилфенол) ТУ 20.14.24-247-05766801-2022","Прочие продукты нефтехимии","Моноалкилфенолы","02","1900-01-01","9999-12-31","X"
"MT99999992","1182303","Остаток кубовый ректификации этилбензола КОРЭ, марка Б ТУ 20.14.12-033-05766801-2017","Прочие продукты нефтехимии","КОРЭ","02","1900-01-01","9999-12-31","X"
"MT99999992","565080","***Пылеподавитель калийных солей, марка А, ТУ 2422-083-05766801-98","Прочие продукты нефтехимии","ПОС прочие","02","1900-01-01","9999-12-31","X"
"MT99999992","1182515","***Фракция альфа-олефинов C10 ""Децен1"" сорт высший ТУ 2411-179-05766801-2014","Прочие продукты нефтехимии","Альфа-олефины","02","1900-01-01","9999-12-31","X"
"MT99999992","1196307","Пластификатор Оксапласт спецификация № 430714","Прочие продукты нефтехимии","Прочие продукты нефтехимии","02","1900-01-01","9999-12-31","X"
"MT99999992","338873","Фенол синтетический технический, марка В, ГОСТ 23519-93","Прочие продукты нефтехимии","Фенол","02","1900-01-01","9999-12-31","X"
"MT99999992","721372","Полиэтилентерефталат расплав, сорт 2, ТУ 2226-010-39989731-08","ПЭТФ","ПЭТФ Прочие","02","1900-01-01","9999-12-31","X"
"MT99999992","1185174","Полиэтилентерефталат расплав, сорт 2, вторичный ТУ 38.32.33-022-39989731-2022","ПЭТФ","ПЭТФ Прочие","02","1900-01-01","9999-12-31","X"
"MT00000047","1178600","Полиэтилентерефталат (ПЭТФ) Wankai WK-801","ПЭТФ","ПЭТФ Прочие","02","1900-01-01","9999-12-31","X"
"MT00000047","380026","Полиэтилентерефталат вторичный (гранулят), ПЭТФ-В-80, ТУ 2226-003-55588670-2007","ПЭТФ","ПЭТФ Целевые марки","02","1900-01-01","9999-12-31","X"
"MT00000047","1129075","***Полиэтилентерефталат смешанный (гранулят) п/ф с содержанием вторичного сырья 23,5 %","ПЭТФ","ПЭТФ Целевые марки","02","1900-01-01","9999-12-31","X"
"MT00000047","1203330","Полиэтилентерефталат VIVILEN rPET г/п втор сырья 13,3 % ТУ 20.16.40-021-39989731-2021","ПЭТФ","ПЭТФ Целевые марки","02","1900-01-01","9999-12-31","X"
"MT00000081","1062976","Полипропилен, марка SIBEX PP H031 BF/3 ТУ 20.16.51-007-81060768-2018","ПП","ПП Гомополимер","02","1900-01-01","9999-12-31","X"
"MT00000081","226847","Полипропилен, марка PP H040 GP/3, ТУ 2211-006-93911504-2015","ПП","ПП Гомополимер","02","1900-01-01","9999-12-31","X"
"MT00000081","226917","Полипропилен, марка PP H120 GP/3, ТУ 2211-006-93911504-2015","ПП","ПП Гомополимер","02","1900-01-01","9999-12-31","X"
"MT00000081","226953","Полипропилен, марка SIBEX PP H253 FF/3, ТУ 2211-006-93911504-2015","ПП","ПП Гомополимер","02","1900-01-01","9999-12-31","X"
"MT00000081","226962","Полипропилен, марка SIBEX PP H350 FF/3, ТУ 2211-006-93911504-2015","ПП","ПП Гомополимер","02","1900-01-01","9999-12-31","X"
"MT00000081","226955","Полипропилен, марка SIBEX PP H263 FF/3, ТУ 2211-006-93911504-2015","ПП","ПП Гомополимер","02","1900-01-01","9999-12-31","X"
"MT00000081","1048803","Полипропилен, марка PPC F ТУ 2211-105-70353562-2014","ПП","ПП Прочие","02","1900-01-01","9999-12-31","X"
"MT00000081","226957","Полипропилен, марка SIBEX PP H270 FF/3, ТУ 2211-006-93911504-2015","ПП","ПП Гомополимер","02","1900-01-01","9999-12-31","X"
"MT00000081","227405","Полипропилен, марка SIBEX PP H085 CF/2 ТУ 2211-002-14596232-2016","ПП","ПП Гомополимер","02","1900-01-01","9999-12-31","X"
"MT00000081","739874","Полипропилен, марка PP H060 GP/2 ТУ 2211-001-14596232-2012","ПП","ПП Гомополимер","02","1900-01-01","9999-12-31","X"
"MT00000081","1195211","Полипропилен, марка Полиом PP H081 CF, ТУ 20.16.51-001-76332549-2016","ПП","ПП Гомополимер","02","1900-01-01","9999-12-31","X"
"MT00000081","1182937","Полипропилен, марка PP 9240K ТУ 20.16.51-136-05766801-2015","ПП","ПП Прочие","02","1900-01-01","9999-12-31","X"
"MT00000081","1380961","Полипропилен, марка PP I120 GP/5 ТУ 20.16.51-136-05766801-2015","ПП","ПП Блоксополимер","02","1900-01-01","9999-12-31","X"
"MT00000081","1380965","Полипропилен, марка SIBEX PP I452 IM/5 ТУ 20.16.51-136-05766801-2015","ПП","ПП Блоксополимер","02","1900-01-01","9999-12-31","X"
"MT00000081","1380967","Полипропилен, марка SIBEX PP T042 IM/5 ТУ 20.16.51-136-05766801-2015","ПП","ПП Блоксополимер","02","1900-01-01","9999-12-31","X"
"MT00000081","1705652","Полипропилен, марка SIBEX PP I083 IM/3 ТУ 20.16.51-007-81060768-2018","ПП","ПП Блоксополимер","02","1900-01-01","9999-12-31","X"
"MT00000081","1807122","Полипропилен, марка SIBEX PP I952 IM/5 ТС НКНХ-037-2024","ПП","ПП Блоксополимер","02","1900-01-01","9999-12-31","X"
"MT00000081","1949344","Полипропилен, марка SIBEX PP I952 IM/5 ТУ 20.16.51-136-05766801-2015","ПП","ПП Блоксополимер","02","1900-01-01","9999-12-31","X"
"MT00000109","966350","Полипропилен, марка PP H120 GP/2 ТУ 2211-001-14596232-2012","ПП","ПП Гомополимер","02","1900-01-01","9999-12-31","X"
"MT00000110","897833","***Полипропилен, марка PP H253 FF/3 ТУ 2211-001-93911504-2012","ПП","ПП Гомополимер","02","1900-01-01","9999-12-31","X"
"MT00000110","1062985","Полипропилен, марка SIBEX PP H270 FF/3 ТУ 20.16.51-007-81060768-2018","ПП","ПП Гомополимер","02","1900-01-01","9999-12-31","X"
"MT00000117","739877","***Полипропилен, марка PP H085 CF/2 ТУ 2211-001-14596232-2012","ПП","ПП Гомополимер","02","1900-01-01","9999-12-31","X"
"MT00002015","947350","Полистирол вспенивающийся ПСВ, тип LP-STD, марка 550, ТС-СХП-08/2019","Полистирол","ПСВ","02","1900-01-01","9999-12-31","X"
"MT00002015","947159","Полистирол вспенивающийся ПСВ, тип LP-STD, марка 350, ТС-СХП-08/2019","Полистирол","ПСВ","02","1900-01-01","9999-12-31","X"
"MT00002015","188578","Полистирол вспенивающийся ""АЛЬФАПОР"" ПСВ, тип LP-STD, марка 310, ТС-СХП-12/2020","Полистирол","ПСВ","02","1900-01-01","9999-12-31","X"
"MT00002015","188718","Полистирол вспенивающийся ""АЛЬФАПОР"" ПСВ, тип STD, марка 300, ТС-СХП-13/2020","Полистирол","ПСВ","02","1900-01-01","9999-12-31","X"
"MT00002015","188610","Полистирол вспенивающийся ""АЛЬФАПОР"" ПСВ, тип LP-STD, марка 94, ТС-СХП-12/2020","Полистирол","ПСВ","02","1900-01-01","9999-12-31","X"
"MT00002015","188590","Полистирол вспенивающийся ""АЛЬФАПОР"" ПСВ, тип LP-STD, марка 510, ТС-СХП-12/2020","Полистирол","ПСВ","02","1900-01-01","9999-12-31","X"
"MT00002015","188387","Полистирол вспенивающийся ""АЛЬФАПОР"" ПСВ, тип LP-SE, марка 92, ТС-СХП-11/2020","Полистирол","ПСВ","02","1900-01-01","9999-12-31","X"
"MT00002015","188391","Полистирол вспенивающийся ""АЛЬФАПОР"" ПСВ, тип LP-SE, марка 651, ТС-СХП-11/2020","Полистирол","ПСВ","02","1900-01-01","9999-12-31","X"
"MT0002006","1264446","Полистирол, марка 430 ТУ 20.16.20-224-05766801-2020","Полистирол","ПСОН","02","1900-01-01","9999-12-31","X"
"MT99999992","1364134","Полиэфир простой ПЭГ-600 ТУ 20.16.40-255-05766801-2022","Гликоли","ПЭГ","02","1900-01-01","9999-12-31","X"
"MT99999992","1252082","Олигомер стирола, марка А ТС462953","Прочие продукты нефтехимии","ПОС прочие","02","1900-01-01","9999-12-31","X"
"MT99999992","1211783","Фракция углеводородная отработанная (ФУО) спецификация № 202691","Прочие продукты нефтехимии","ПОС прочие","02","1900-01-01","9999-12-31","X"
"MT99999992","1198906","Пылеподавитель калийных солей, марка А, ТУ 2422-083-05766801-98","Прочие продукты нефтехимии","ПОС прочие","02","1900-01-01","9999-12-31","X"
"MT99999992","1182660","Тетрамеры пропилена сорт первый ТУ 2211-044-05766801-2014","Прочие продукты нефтехимии","Олигомеры пропилена","02","1900-01-01","9999-12-31","X"
"MT99999992","763268","Полистирол вспененный (плиты, обрезки, крошка) ТУ 2244-024-53505711-2013","Полистирол","ПСВ","02","1900-01-01","9999-12-31","X"
"MT99999992","380061","***Полиэтилентерефталат аморфный (гранулят), ПЭТФ-А-70ж, ТУ 2226-002-55588670-2007 К АРХИВИРОВАНИЮ","ПЭТФ","ПЭТФ Прочие","02","1900-01-01","9999-12-31","X"
"MT99999992","716987","Эфир этиловый акриловой кислоты (этилакрилат) ТУ 2435-047-52470175-2012","Акрилаты","Этилакрилат","02","1900-01-01","9999-12-31","X"
"MT99999992","952423","Пропилен, сорт первый, ГОСТ 25043-2013","Пропилен","Пропилен и фракция пропиленовая","02","1900-01-01","9999-12-31","X"
"MT99999992","344045","Полигликоли ТУ 2422-057-52470175-2005","Гликоли","Полигликоли","02","1900-01-01","9999-12-31","X"
"MT99999992","241582","Остаток кубовый нефтехимии КОН-92 (смола нефтяная тяжелая) ТУ 38.48424318-03-2000","Прочие топливо и топливные добавки","КОН-92","02","1900-01-01","9999-12-31","X"
"MT99999992","1184731","Углеводороды непредельные, марка Б ТУ 2411-218-00203335-2014","Прочие полуфабрикаты","Смесь углеводородная техническая","02","1900-01-01","9999-12-31","X"
"MT99999992","721368","Полиэтилентерефталат аморфный категорированный ПЭТФ, гранулят, категория 1 ТУ 2226-013-39989731-2011","ПЭТФ","ПЭТФ Прочие","02","1900-01-01","9999-12-31","X"
"MT99999992","1182310","Абсорбент-Н, марка Б ТУ 20.14.11-036-05766801-2019","Прочие топливо и топливные добавки","Абсорбент","02","1900-01-01","9999-12-31","X"
"MT99999992","1414603","Полимер после чистки оборудования СБС ППЧО марка Б, ТУ 20.17.10-151-05766801-2022","ТЭП","Термоэластопласты","02","1900-01-01","9999-12-31","X"
"MT99999992","1182665","Остаток кубовый ректификации этилбензола КОРЭ, марка В ТУ 20.14.12-033-05766801-2017","Прочие продукты нефтехимии","КОРЭ","02","1900-01-01","9999-12-31","X"
"MT99999992","1379296","***Пироконденсат Е-1 ТС-КОС-05/2023","Прочие топливо и топливные добавки","Пироконденсат","02","1900-01-01","9999-12-31","X"
